a11851_human_90min_hrMS2,a11852_human_90min_hrMS2
0.007654727,0.00770647
0.02039778,0.02480393
0.03332265,0.03668715
0.04691812,0.05094702
0.06027834,0.06575732
0.07460269,0.07768814
0.09170461,0.08922746
0.1056773,0.1006376
0.1194162,0.1138496
0.1335706,0.1214956
0.1481386,0.1351722
0.1626446,0.1481159
0.1770649,0.1626882
0.1882065,0.1731045
0.2012063,0.1870334
0.2151412,0.1989437
0.2297387,0.20756
0.2432552,0.2186472
0.2544006,0.230647
0.2694335,0.2439801
0.2826477,0.2526882
0.296733,0.2659004
0.3073681,0.2818335
0.3200326,0.294679
0.3302574,0.3132159
0.3397444,0.3269407
0.3547378,0.3421527
0.3638504,0.3559797
0.3761395,0.3697542
0.3880331,0.3827728
0.4003952,0.3937662
0.413801,0.4033681
0.4247155,0.4171467
0.4396067,0.4312635
0.4522647,0.4405775
0.4646707,0.456219
0.4780536,0.4662831
0.489989,0.47491
0.4992094,0.4840059
0.5138049,0.4971677
0.5278423,0.5086261
0.5413023,0.5232422
0.5548312,0.5358212
0.5695311,0.5511686
0.5837429,0.561081
0.5973195,0.5714099
0.607805,0.5833721
0.6194715,0.5972073
0.6339978,0.6062008
0.6501288,0.6163589
0.6621264,0.6290753
0.6779762,0.6423979
0.6927841,0.6527579
0.7055085,0.6646828
0.7142377,0.6796033
0.7285938,0.6932781
0.7420725,0.7050275
0.75447,0.7183418
0.7690574,0.7334352
0.7805279,0.7479682
0.7927317,0.7588387
0.8058439,0.7726345
0.8184021,0.7858817
0.8323327,0.7990296
0.8423702,0.8122582
0.8525639,0.8222704
0.8671362,0.8365036
0.8797987,0.8534971
0.8885379,0.8645592
0.8999625,0.874338
0.9099581,0.8902272
0.9261557,0.9030688
0.9349242,0.9157664
0.9477782,0.9282162
0.9587551,0.9440991
0.9717776,0.9572821
0.9849585,0.9701027
1.000031,0.9828543
1.015997,0.9956102
1.031399,1.008696
1.046117,1.022435
1.061121,1.036222
1.076435,1.05183
1.090446,1.060634
1.105437,1.076865
1.116957,1.0855
1.132022,1.097562
1.147151,1.11152
1.160633,1.123632
1.173598,1.141694
1.183464,1.155788
1.196564,1.171996
1.20903,1.185098
1.222638,1.198595
1.233111,1.207385
1.244634,1.222032
1.257315,1.235221
1.266112,1.249321
1.278731,1.260229
1.290101,1.273116
1.302684,1.282129
1.309647,1.296136
1.320626,1.308497
1.329305,1.31859
1.337981,1.327963
1.344929,1.339688
1.35605,1.348356
1.364926,1.357029
1.371681,1.368093
1.380378,1.382287
1.389057,1.394749
1.397728,1.403446
1.406372,1.414627
1.415128,1.424117
1.427629,1.434796
1.440052,1.444729
1.45096,1.453426
1.459994,1.465626
1.469051,1.474343
1.480592,1.485997
1.48737,1.494788
1.49658,1.504092
1.507358,1.513952
1.514284,1.522846
1.523215,1.529602
1.532194,1.538344
1.54086,1.548262
1.547611,1.557026
1.554368,1.565678
1.563017,1.574324
1.569586,1.582892
1.576326,1.592683
1.584946,1.599469
1.591725,1.611323
1.602086,1.620187
1.610721,1.629056
1.619419,1.641478
1.628158,1.650601
1.637174,1.66189
1.643943,1.66849
1.654323,1.678855
1.661124,1.689481
1.669711,1.700052
1.676484,1.711212
1.687284,1.720089
1.696417,1.728745
1.705081,1.737422
1.71376,1.744192
1.722487,1.756045
1.731704,1.766287
1.744522,1.773086
1.751284,1.786333
1.757915,1.795668
1.766976,1.804305
1.776586,1.811068
1.785502,1.819722
1.794623,1.828549
1.803248,1.837212
1.811939,1.845875
1.820809,1.852611
1.827785,1.859607
1.838455,1.870852
1.849788,1.880046
1.856588,1.890487
1.865306,1.897266
1.876683,1.906853
1.88572,1.91361
1.896576,1.922553
1.908082,1.931328
1.919053,1.940996
1.925832,1.949796
1.932415,1.956577
1.9411,1.965485
1.947837,1.97421
1.954586,1.980951
1.963652,1.989646
1.97596,1.998399
1.985024,2.007145
1.997359,2.015818
2.004109,2.02633
2.01277,2.03315
2.021517,2.04555
2.028221,2.054373
2.035163,2.066646
2.045984,2.078037
2.054583,2.084795
2.063435,2.094395
2.075752,2.103053
2.084472,2.112115
2.093182,2.124992
2.104342,2.135404
2.115497,2.144106
2.124571,2.153114
2.131317,2.159902
2.140041,2.168589
2.146819,2.17892
2.158772,2.187616
2.168205,2.197195
2.181716,2.209921
2.194157,2.216869
2.205981,2.227833
2.212752,2.236548
2.223881,2.246673
2.232781,2.255646
2.244075,2.265135
2.253749,2.273809
2.260543,2.284544
2.269622,2.293655
2.280434,2.302667
2.287173,2.312337
2.293974,2.319098
2.304779,2.329798
2.314894,2.33845
2.324671,2.347101
2.333408,2.35384
2.342099,2.360466
2.348845,2.372211
2.357611,2.385038
2.367075,2.393792
2.373815,2.402465
2.380407,2.40921
2.39014,2.417871
2.39984,2.42661
2.408702,2.435326
2.41731,2.44221
2.42791,2.454797
2.436966,2.464574
2.443705,2.473205
2.450297,2.484677
2.459341,2.494979
2.471269,2.509335
2.48195,2.516872
2.490711,2.525582
2.499491,2.532514
2.508156,2.543259
2.51996,2.549994
2.52867,2.556834
2.537357,2.570875
2.544103,2.58416
2.552842,2.592921
2.559478,2.605264
2.568827,2.613941
2.575754,2.625787
2.58575,2.634382
2.595546,2.644865
2.60421,2.654115
2.610949,2.6628
2.617507,2.674139
2.624336,2.684931
2.63522,2.695258
2.646155,2.707595
2.654828,2.716311
2.663623,2.725138
2.672263,2.731892
2.683944,2.738471
2.69597,2.749296
2.704628,2.75974
2.713238,2.771462
2.720007,2.778054
2.731161,2.789195
2.738077,2.799397
2.744657,2.808045
2.753373,2.818067
2.762306,2.826694
2.769233,2.835325
2.77581,2.844271
2.784639,2.853125
2.793493,2.86177
2.803874,2.871031
2.812505,2.884136
2.819084,2.890937
2.827799,2.902863
2.836478,2.911519
2.845483,2.918254
2.852231,2.92485
2.86095,2.931436
2.867697,2.940058
2.8765,2.948735
2.889322,2.955847
2.897996,2.962599
2.904759,2.971381
2.916286,2.980051
2.925967,2.986959
2.934633,2.993562
2.945556,3.000134
2.955696,3.008754
2.964531,3.015846
2.973478,3.024533
2.985532,3.033239
2.995155,3.042199
3.003834,3.054332
3.010413,3.061249
3.016989,3.067999
3.025748,3.076705
3.03692,3.085723
3.043653,3.092686
3.050254,3.101829
3.063195,3.108734
3.074834,3.117424
3.087528,3.124374
3.094334,3.130933
3.105819,3.137507
3.112366,3.144095
3.118967,3.154433
3.128608,3.163101
3.137348,3.171705
3.148195,3.180731
3.159074,3.187688
3.16582,3.194436
3.174481,3.203189
3.181217,3.21196
3.187764,3.220685
3.194403,3.2295
3.205631,3.23964
3.212745,3.24638
3.224989,3.255063
3.233561,3.261644
3.240145,3.268396
3.251138,3.278838
3.260848,3.28959
3.267601,3.298196
3.278386,3.307308
3.287275,3.313893
3.296429,3.323893
3.305029,3.332505
3.313691,3.341128
3.326347,3.352548
3.333118,3.363528
3.344678,3.372575
3.351271,3.379127
3.362561,3.385908
3.371279,3.397545
3.382029,3.40412
3.394217,3.412945
3.402879,3.424262
3.41242,3.435047
3.421416,3.443688
3.430115,3.452327
3.438726,3.46356
3.447428,3.472496
3.458694,3.485435
3.465277,3.49406
3.473827,3.506578
3.482427,3.514295
3.489227,3.525819
3.500747,3.53778
3.515487,3.55065
3.528725,3.562179
3.535492,3.570858
3.547734,3.583508
3.558715,3.592157
3.567877,3.598745
3.580729,3.608791
3.590943,3.617656
3.599882,3.624277
3.610613,3.630857
3.619319,3.642752
3.630932,3.649354
3.640223,3.661574
3.655689,3.668354
3.668122,3.680114
3.680543,3.691722
3.689151,3.70329
3.698751,3.716415
3.707726,3.72759
3.720398,3.741225
3.730356,3.753243
3.74159,3.761826
3.751218,3.770389
3.76281,3.782588
3.776278,3.79464
3.78867,3.805835
3.798397,3.812454
3.809678,3.826521
3.818406,3.838031
3.831021,3.849827
3.84001,3.858476
3.848753,3.869895
3.860153,3.876653
3.868687,3.885253
3.878049,3.896504
3.887061,3.905252
3.897219,3.914319
3.905819,3.927208
3.916654,3.939106
3.92951,3.953184
3.942418,3.964211
3.955191,3.979184
3.967715,3.992042
3.97639,4.002211
3.989369,4.015756
4.000019,4.027306
4.011581,4.036981
4.024618,4.047368
4.035522,4.060353
4.046472,4.074584
4.059255,4.084292
4.068455,4.092983
4.08215,4.105783
4.095269,4.118366
4.107806,4.132484
4.119483,4.142207
4.128066,4.155442
4.134659,4.170734
4.14372,4.180067
4.156186,4.193935
4.166149,4.206235
4.178994,4.217105
4.189408,4.228032
4.2005,4.242495
4.209414,4.251834
4.218081,4.260713
4.226774,4.274742
4.236547,4.288241
4.24524,4.300235
4.258605,4.313112
4.271971,4.321759
4.28531,4.332047
4.294412,4.343338
4.308264,4.354629
4.32154,4.365821
4.335915,4.378508
4.350142,4.387149
4.363835,4.401578
4.376412,4.413111
4.387802,4.428263
4.396612,4.438879
4.410372,4.454043
4.423386,4.466766
4.435398,4.479577
4.448046,4.493368
4.461298,4.510155
4.475077,4.523509
4.487299,4.533975
4.498936,4.549308
4.511799,4.558489
4.524465,4.571091
4.539194,4.585488
4.552198,4.598667
4.56356,4.613367
4.577435,4.631342
4.592382,4.645229
4.604806,4.65807
4.617363,4.676138
4.632702,4.692826
4.645897,4.714223
4.662107,4.72962
4.676126,4.751758
4.689976,4.768939
4.706655,4.785796
4.722708,4.802887
4.744264,4.816739
4.762034,4.837458
4.778204,4.860764
4.7977,4.875063
4.813727,5.052822
4.839227,5.066657
4.853536,5.089027
4.870861,5.114264
4.887257,5.127732
4.902048,5.150144
4.920924,5.171352
4.935778,5.18575
4.956434,5.19869
4.9771,5.218265
5.001975,5.236252
5.026762,5.254281
5.043868,5.281206
5.0636,5.308667
5.083442,5.323621
5.10306,5.343952
5.118732,5.356279
5.132384,5.374287
5.148367,5.391491
5.166575,5.406738
5.192251,5.422227
5.20732,5.445467
5.230392,5.461884
5.248531,5.484913
5.270795,5.50725
5.297188,5.529729
5.314921,5.552937
5.336514,5.567655
5.355994,5.588338
5.382553,5.603888
5.398928,5.628623
5.427461,5.642862
5.459251,5.657324
5.481988,5.68399
5.509635,5.700144
5.532754,5.716646
5.558587,5.738791
5.586967,5.752355
5.61885,5.773754
5.640433,5.787146
5.669301,5.804283
5.699179,5.819549
5.720041,5.870136
5.758813,5.894123
5.795631,5.917416
5.83192,5.977854
5.872386,6.014853
5.904187,6.054727
5.94312,6.097007
5.993489,6.139944
6.029784,6.175337
6.076112,6.207524
6.117515,6.248729
6.167495,6.286947
6.20698,6.331783
6.250425,6.368237
6.30558,6.408567
6.350797,6.458807
6.398911,6.509246
6.44937,6.558764
6.49969,6.608456
6.599906,6.658655
6.648211,6.708934
6.738682,6.759313
6.785304,6.809737
6.83495,6.860184
6.88455,6.910255
6.934884,6.960241
6.984831,7.010594
7.085024,7.060837
7.134756,7.110465
7.184359,7.160816
7.234229,7.210517
7.284563,7.260259
7.334949,7.309962
7.384605,7.360457
7.434256,7.410125
7.484027,7.459974
7.533801,7.510058
7.583465,7.559765
7.633407,7.609524
7.683423,7.659388
7.733278,7.709445
7.782983,7.809809
7.833132,7.859974
7.88321,7.910167
7.932869,7.960616
7.982591,8.010384
8.032404,8.060372
8.082284,8.11001
8.131971,8.159869
8.181711,8.209579
8.231537,8.259512
8.331612,8.309637
8.381331,8.359547
8.430988,8.409412
8.481404,8.459263
8.531772,8.508956
8.581808,8.559234
8.631653,8.609508
8.681337,8.659277
8.731605,8.709159
8.781397,8.759264
8.831465,8.809631
8.881714,8.86007
8.931914,8.910134
8.981585,8.960432
9.031521,9.010102
9.081734,9.05994
9.132158,9.159826
9.181856,9.209685
9.23233,9.25983
9.282108,9.310131
9.332236,9.360163
9.382575,9.410081
9.432951,9.459756
9.483044,9.510159
9.532709,9.5606
9.582657,9.610722
9.632482,9.660358
9.682745,9.710406
9.731973,9.760536
9.782055,9.810342
9.832158,9.860255
9.882414,9.910246
9.932077,9.960339
9.981955,10.01031
10.03205,10.06066
10.08236,10.16002
10.13258,10.2098
10.18298,10.26028
10.23261,10.30999
10.28247,10.35987
10.33221,10.41034
10.38202,10.46
10.43168,10.50998
10.48157,10.55998
10.53154,10.60997
10.58142,10.65987
10.63131,10.70961
10.68111,10.7594
10.73107,10.8094
10.78139,10.85953
10.83104,10.9094
10.88083,10.95963
10.93081,11.01
10.96989,11.06019
11.01964,11.10992
11.06933,11.15959
11.11969,11.20924
11.16993,11.25909
11.21976,11.30899
11.26953,11.35876
11.31923,11.4087
11.3692,11.45837
11.41896,11.50823
11.46876,11.55797
11.51861,11.60773
11.56871,11.65765
11.61898,11.7081
11.66825,11.74851
11.71852,11.79838
11.76872,11.84825
11.81875,11.89802
11.86848,11.94771
11.91815,12.04809
11.96826,12.0979
12.01847,12.14772
12.06875,12.19789
12.11865,12.24801
12.1683,12.29835
12.21873,12.34825
12.26864,12.39818
12.31861,12.44845
12.36827,12.49856
12.41852,12.54818
12.46821,12.59784
12.51791,12.64957
12.56767,12.69844
12.6178,12.74842
12.66827,12.7981
12.71826,12.84777
12.76866,12.8977
12.81887,12.948
12.8692,12.99761
12.91873,13.04789
12.96873,13.0978
13.01851,13.1477
13.06827,13.1974
13.11822,13.24781
13.16846,13.29822
13.21866,13.34847
13.26902,13.39889
13.31885,13.44936
13.3685,13.49906
13.41853,13.54875
13.46823,13.59842
13.51858,13.64819
13.56833,13.69855
13.61796,13.74845
13.66835,13.79807
13.71801,13.84769
13.76831,13.89747
13.8185,13.94768
13.86891,13.99755
13.91888,14.04754
13.96885,14.09787
14.01865,14.14835
14.11856,14.19868
14.16848,14.24852
14.21829,14.29863
14.31877,14.34905
14.36908,14.39934
14.41909,14.4496
14.4694,14.49924
14.51971,14.54954
14.57011,14.5994
14.66989,14.64981
14.72004,14.70025
14.77017,14.75067
14.81987,14.8009
14.87016,14.85126
14.92055,14.90098
14.97048,15.00132
15.02081,15.05098
15.07073,15.10063
15.12047,15.15076
15.17017,15.20087
15.22061,15.2512
15.27102,15.30097
15.32069,15.35122
15.37092,15.45073
15.42056,15.50037
15.4702,15.55053
15.52003,15.6003
15.56986,15.65056
15.61949,15.70098
15.66931,15.75136
15.71928,15.80312
15.76959,15.85243
15.81932,15.90282
15.86896,15.95258
15.91926,16.00275
15.97095,16.05305
16.01953,16.1027
16.06999,16.15302
16.11955,16.2029
16.16979,16.25322
16.21977,16.30304
16.26945,16.3535
16.31931,16.40343
16.36964,16.45308
16.41945,16.50357
16.46994,16.55325
16.51974,16.6031
16.56945,16.65313
16.6196,16.70297
16.66933,16.75329
16.71937,16.80326
16.76919,16.85289
16.81897,16.90314
16.86937,16.95333
16.91919,17.00357
16.96951,17.05396
17.01918,17.10414
17.06957,17.15442
17.11919,17.2042
17.16922,17.25414
17.21932,17.30449
17.26919,17.35487
17.31918,17.40526
17.36925,17.45523
17.41929,17.50555
17.46937,17.55568
17.51965,17.60579
17.56992,17.65559
17.62021,17.70568
17.67058,17.75595
17.72103,17.80582
17.77069,17.8562
17.82063,17.90662
17.87112,17.95686
17.92138,18.00694
17.97105,18.05733
18.0213,18.10713
18.07122,18.15727
18.12102,18.20748
18.17075,18.25785
18.22089,18.30804
18.27123,18.35833
18.32098,18.40865
18.37135,18.45894
18.4215,18.5094
18.52215,18.55981
18.57183,18.60959
18.62237,18.65953
18.67221,18.70985
18.72193,18.7602
18.77227,18.80998
18.82194,18.86024
18.87234,18.91011
18.92253,18.95999
18.97294,19.00986
19.02261,19.06014
19.07288,19.11037
19.12301,19.16058
19.1731,19.21058
19.22343,19.26083
19.27376,19.31045
19.32523,19.36018
19.37435,19.41036
19.42452,19.46022
19.47487,19.51018
19.52455,19.56036
19.57488,19.61078
19.62455,19.66068
19.67476,19.71038
19.72495,19.76085
19.77461,19.81124
19.82456,19.86142
19.87487,19.91135
19.92489,19.9614
19.97455,20.06218
20.02439,20.11249
20.07407,20.16274
20.12441,20.21295
20.17442,20.26311
20.22458,20.31341
20.2748,20.36383
20.32514,20.41414
20.37534,20.46402
20.42527,20.51382
20.47572,20.56391
20.52554,20.61367
20.57598,20.66337
20.62561,20.71374
20.67606,20.76407
20.72634,20.81403
20.77633,20.86374
20.82657,20.91342
20.87706,20.96307
20.92698,21.0129
20.97671,21.06255
21.02633,21.11279
21.07676,21.16307
21.1272,21.21313
21.17755,21.26322
21.22794,21.31326
21.27785,21.36339
21.3282,21.46414
21.37857,21.51441
21.429,21.56425
21.47886,21.61469
21.52879,21.66447
21.5787,21.71433
21.62844,21.76479
21.67806,21.81472
21.72779,21.86461
21.77826,21.91509
21.82808,21.96526
21.8783,22.01548
21.92876,22.06555
21.97891,22.11559
22.02902,22.16584
22.07939,22.21555
22.1263,22.26578
22.17288,22.31151
22.22259,22.36138
22.27282,22.41124
22.3729,22.461
22.42329,22.51401
22.47357,22.56221
22.52327,22.61231
22.57349,22.66234
22.62311,22.71204
22.65723,22.74772
22.70715,22.79784
22.75755,22.83811
22.80779,22.88818
22.85801,22.93847
22.90743,22.98882
22.95697,23.03854
23.00664,23.08759
23.05663,23.13752
23.10655,23.18787
23.15694,23.23796
23.20666,23.28775
23.25186,23.3381
23.35213,23.38862
23.40232,23.43865
23.45235,23.48905
23.5024,23.53911
23.55216,23.58922
23.60205,23.63585
23.65195,23.68603
23.70173,23.73602
23.75179,23.78618
23.80161,23.83645
23.85146,23.88612
23.90126,23.93649
23.95168,23.98683
24.00195,24.03676
24.05169,24.08698
24.10155,24.13679
24.1512,24.18712
24.20108,24.23745
24.25146,24.28772
24.30191,24.33803
24.35231,24.3884
24.40244,24.43841
24.4526,24.48836
24.50287,24.53864
24.55312,24.58896
24.60275,24.63878
24.65255,24.6885
24.70267,24.73814
24.75232,24.78823
24.80226,24.83829
24.85192,24.88869
24.90185,24.93862
24.95191,24.98847
25.00185,25.03823
25.05207,25.08869
25.1025,25.13842
25.1522,25.18836
25.20234,25.23837
25.25272,25.28866
25.30319,25.3386
25.35326,25.38823
25.45384,25.43855
25.50356,25.48832
25.55352,25.53808
25.60318,25.58803
25.65306,25.63795
25.70325,25.68829
25.75305,25.73855
25.80336,25.78889
25.8533,25.84179
25.90371,25.89081
25.95341,25.94098
26.00323,25.99129
26.05288,26.04131
26.10312,26.09147
26.15318,26.14144
26.20319,26.19151
26.25283,26.2418
26.30316,26.29187
26.35342,26.34181
26.40328,26.39178
26.45378,26.49221
26.50414,26.5419
26.55396,26.59151
26.60417,26.64145
26.65402,26.69118
26.7045,26.74153
26.75428,26.79198
26.80411,26.84179
26.85402,26.89227
26.9037,26.9427
26.95408,26.99256
27.00381,27.04291
27.05355,27.09276
27.1038,27.14265
27.15349,27.19246
27.20328,27.29289
27.25307,27.3427
27.30294,27.39303
27.35306,27.44345
27.40327,27.49362
27.45363,27.54369
27.50376,27.59397
27.55418,27.64364
27.60448,27.69396
27.65479,27.74378
27.69499,27.77978
27.72858,27.80798
27.77823,27.90291
27.82866,27.95254
27.87861,28.00295
27.92906,28.05324
27.97933,28.10291
28.02947,28.1531
28.07925,28.20331
28.12968,28.25328
28.17935,28.30332
28.22902,28.35357
28.27946,28.40335
28.32908,28.45378
28.3795,28.50418
28.48,28.55443
28.53038,28.60397
28.5804,28.65448
28.63059,28.70444
28.68107,28.75444
28.73087,28.80477
28.78133,28.8545
28.8318,28.90428
28.88214,28.9542
28.93252,29.00455
28.98279,29.05431
29.03279,29.10407
29.08086,29.15382
29.18084,29.20267
29.23058,29.25301
29.31556,29.30461
29.34592,29.35381
29.39625,29.40419
29.44357,29.45417
29.49359,29.50416
29.54358,29.55443
29.59383,29.60439
29.644,29.65406
29.74426,29.70446
29.79398,29.7541
29.84338,29.80394
29.89352,29.85367
29.94346,29.90338
29.99333,29.95351
30.0431,30.00315
30.14282,30.05335
30.19247,30.10366
30.24229,30.15345
30.29269,30.20315
30.34231,30.25301
30.39257,30.30315
30.44302,30.3534
30.49341,30.4038
30.54312,30.45342
30.59291,30.50361
30.64271,30.55407
30.69278,30.60399
30.74244,30.65447
30.79282,30.70412
30.84262,30.75464
30.89258,30.80477
30.9425,30.85461
30.99224,30.90458
31.04262,31.00504
31.09241,31.05521
31.14217,31.09005
31.18344,31.14012
31.22829,31.18997
31.27817,31.23999
31.32863,31.34011
31.37863,31.39037
31.42865,31.44011
31.4784,31.4902
31.52877,31.53987
31.57923,31.59023
31.62941,31.6399
31.67976,31.68955
31.73015,31.73985
31.7804,31.78999
31.83088,31.88945
31.88082,31.93986
31.93048,31.98955
31.98027,32.03991
32.03035,32.09002
32.0806,32.13975
32.13087,32.18988
32.18055,32.24011
32.23028,32.28975
32.28005,32.34011
32.3304,32.39008
32.38012,32.44017
32.43041,32.49065
32.48035,32.54102
32.53051,32.59127
32.58073,32.64098
32.63106,32.69111
32.68121,32.74096
32.72626,32.79066
32.77598,32.84104
32.82797,32.8911
32.87666,32.94073
32.97659,32.99089
33.02651,33.04097
33.07624,33.09107
33.12587,33.14144
33.1763,33.19173
33.22624,33.24149
33.27642,33.29189
33.32629,33.34161
33.37449,33.38972
33.42456,33.43833
33.47493,33.48862
33.52456,33.53839
33.57431,33.58803
33.62444,33.63822
33.67425,33.68847
33.7247,33.73833
33.77497,33.78829
33.82486,33.83836
33.87459,33.88814
33.92456,33.93779
33.97423,33.98753
34.02462,34.03781
34.07425,34.08772
34.12432,34.13775
34.17403,34.18792
34.22409,34.23792
34.27458,34.28758
34.37397,34.33752
34.42369,34.38713
34.47396,34.43752
34.52411,34.48795
34.57455,34.5376
34.62497,34.58781
34.67468,34.63774
34.72484,34.68813
34.7746,34.73819
34.82469,34.7883
34.87436,34.83832
34.92429,34.8882
34.97438,34.93813
35.02422,34.988
35.0745,35.03767
35.12471,35.0881
35.17444,35.13778
35.22446,35.18794
35.27441,35.23799
35.32483,35.28819
35.37474,35.33813
35.42436,35.3886
35.47409,35.43846
35.52452,35.48812
35.57487,35.53853
35.62461,35.5884
35.67474,35.63823
35.7251,35.6879
35.77475,35.78823
35.82469,35.83785
35.875,35.88732
35.92542,35.93742
35.97541,35.98717
36.02549,36.03679
36.07578,36.08656
36.12549,36.13644
36.17538,36.18623
36.22545,36.23657
36.27562,36.28689
36.32534,36.3367
36.37514,36.38692
36.42541,36.43697
36.47575,36.48668
36.52608,36.53668
36.57653,36.58668
36.62652,36.6369
36.6763,36.68715
36.72665,36.73755
36.77644,36.78798
36.8264,36.83771
36.87619,36.8876
36.92593,36.93734
36.97565,36.98724
37.02546,37.03688
37.07563,37.08707
37.12592,37.13668
37.17566,37.18682
37.22579,37.23671
37.27599,37.28697
37.32573,37.33696
37.37466,37.38693
37.42494,37.43686
37.47485,37.48666
37.52526,37.53701
37.57557,37.58736
37.62583,37.637
37.67578,37.68662
37.72618,37.73701
37.77583,37.78695
37.8257,37.83733
37.87577,37.88782
37.92592,37.93773
37.97579,37.98791
38.02597,38.03795
38.07572,38.08841
38.12591,38.18916
38.17583,38.2392
38.22572,38.28952
38.27536,38.33975
38.32572,38.38953
38.37588,38.43938
38.42587,38.48973
38.4721,38.53935
38.52104,38.58367
38.57118,38.63378
38.62077,38.68094
38.64917,38.73068
38.69923,38.78108
38.74667,38.83119
38.78313,38.86926
38.81715,38.91459
38.87744,38.95185
38.94042,38.99205
38.96707,39.03025
39.00549,39.06718
39.0294,39.10917
39.06878,39.13836
39.10495,39.18272
39.15517,39.23187
39.20533,39.28219
39.25546,39.33218
39.30523,39.38092
39.34827,39.41413
39.39844,39.46452
39.44849,39.51456
39.49861,39.5648
39.54901,39.61484
39.59903,39.665
39.64899,39.7146
39.69857,39.76446
39.74829,39.81485
39.7979,39.86471
39.84769,39.91464
39.8974,39.96476
39.99747,40.0146
40.04727,40.06472
40.09741,40.11465
40.14746,40.16476
40.19762,40.21452
40.24789,40.26476
40.29809,40.31435
40.34787,40.36431
40.39798,40.41428
40.44801,40.4645
40.49767,40.51496
40.54795,40.56509
40.59813,40.61443
40.64813,40.6642
40.69822,40.7145
40.7486,40.7645
40.79908,40.81418
40.8488,40.86402
40.89852,40.91444
40.94834,40.9643
40.99866,41.01416
41.04904,41.06384
41.09885,41.11361
41.1488,41.16384
41.19845,41.21356
41.2487,41.2639
41.29853,41.31401
41.34871,41.3645
41.39886,41.41416
41.44899,41.4641
41.49939,41.51381
41.5496,41.56417
41.59982,41.61412
41.64989,41.66457
41.70032,41.71454
41.75017,41.76442
41.80065,41.81479
41.85046,41.86442
41.9007,41.91486
41.95037,41.96449
42.00009,42.01413
42.04989,42.06389
42.09969,42.11368
42.14963,42.16393
42.19982,42.21399
42.24945,42.26399
42.29978,42.31399
42.34989,42.36361
42.39989,42.41344
42.4497,42.46355
42.49983,42.51508
42.55032,42.56401
42.60017,42.61422
42.6426,42.66364
42.69283,42.69986
42.74268,42.75018
42.79283,42.80005
42.8443,42.90001
42.89288,42.94981
42.94282,42.99958
42.99244,43.0499
43.04231,43.09961
43.09222,43.14927
43.14251,43.1992
43.19237,43.249
43.24235,43.29865
43.29211,43.34847
43.34222,43.39885
43.39207,43.44906
43.44173,43.49936
43.49187,43.54919
43.54182,43.59929
43.642,43.64912
43.6917,43.69939
43.74214,43.74966
43.79189,43.7995
43.8416,43.84957
43.89125,43.89936
43.94159,43.94611
43.99163,43.99622
44.04185,44.04642
44.09212,44.09651
44.14202,44.14691
44.19246,44.19675
44.24226,44.24712
44.29244,44.29731
44.34241,44.34719
44.39278,44.39764
44.44312,44.44781
44.5438,44.49831
44.59421,44.54844
44.64438,44.59807
44.69444,44.64643
44.74406,44.6961
44.79401,44.74645
44.84375,44.79631
44.89374,44.84661
44.94339,44.89634
44.99333,44.99677
45.0438,45.0465
45.09374,45.0961
45.14338,45.14617
45.19305,45.1965
45.24287,45.24661
45.29254,45.29659
45.34232,45.34679
45.39207,45.39675
45.44178,45.44667
45.49152,45.49629
45.54183,45.54615
45.5921,45.5966
45.64237,45.64703
45.69255,45.69709
45.74273,45.74687
45.79311,45.79726
45.84311,45.84702
45.89348,45.89735
45.94349,45.94813
45.99326,45.99796
46.04289,46.04792
46.09493,46.09792
46.14397,46.14833
46.19378,46.19799
46.24372,46.2478
46.29371,46.29755
46.34358,46.34745
46.39325,46.39738
46.44302,46.44706
46.49332,46.49688
46.54302,46.54687
46.59297,46.59705
46.6433,46.64734
46.69352,46.7473
46.74364,46.79694
46.79328,46.8466
46.84351,46.89647
46.89377,46.94673
46.9441,46.99661
46.9945,47.04678
47.04454,47.09704
47.09449,47.14692
47.14428,47.19659
47.19468,47.24703
47.24456,47.29734
47.29482,47.34767
47.34517,47.39734
47.39497,47.44764
47.44496,47.49747
47.49469,47.54763
47.54454,47.59809
47.59423,47.64772
47.64393,47.6977
47.6936,47.74759
47.74336,47.79739
47.79322,47.8477
47.84296,47.89772
47.89289,47.94744
47.94258,47.9978
47.99236,48.04759
48.04202,48.09753
48.09243,48.14759
48.14246,48.19753
48.19266,48.24732
48.24287,48.29719
48.29288,48.34755
48.34292,48.39752
48.39287,48.44723
48.44282,48.49725
48.49308,48.54692
48.54293,48.59705
48.59268,48.64732
48.64289,48.69749
48.69275,48.74762
48.74255,48.79755
48.79232,48.84736
48.84266,48.89725
48.89244,48.94702
48.94227,48.99771
48.99221,49.04776
49.04193,49.09784
49.09164,49.14753
49.14345,49.19781
49.19194,49.24802
49.24234,49.29826
49.29241,49.34827
49.34273,49.398
49.39317,49.44816
49.44307,49.49783
49.49352,49.54817
49.5437,49.59843
49.59346,49.64833
49.64378,49.69861
49.69406,49.74822
49.74436,49.79865
49.79458,49.84861
49.84505,49.89903
49.89552,49.9488
49.94524,49.99912
49.9955,50.04947
50.04529,50.09981
50.09524,50.14944
50.14528,50.19974
50.1955,50.25012
50.29519,50.30001
50.34504,50.35013
50.39497,50.40029
50.44532,50.4502
50.4951,50.50062
50.54504,50.55032
50.59497,50.6
50.64464,50.65032
50.69431,50.70071
50.74417,50.75042
50.79417,50.80067
50.84451,50.85114
50.89421,50.9016
50.94388,50.9514
50.99365,51.00117
51.04394,51.05084
51.09376,51.10097
51.14343,51.15106
51.19381,51.20146
51.24363,51.25184
51.29388,51.30173
51.34428,51.35153
51.39441,51.40189
51.44421,51.45158
51.49443,51.50193
51.54415,51.55187
51.59451,51.60187
51.64423,51.65219
51.6944,51.70237
51.74475,51.75272
51.79461,51.80257
51.84483,51.85289
51.89523,51.90257
51.9451,51.95239
51.99475,52.00225
52.04508,52.05202
52.09496,52.10192
52.14509,52.20229
52.19683,52.25251
52.24576,52.30199
52.29602,52.35224
52.34562,52.40236
52.39595,52.45264
52.44581,52.50272
52.49554,52.55249
52.54531,52.60283
52.59499,52.65331
52.64486,52.70298
52.69528,52.75336
52.74512,52.80368
52.79485,52.85397
52.84508,52.90364
52.89488,52.95382
52.94468,53.00348
52.99452,53.05325
53.04435,53.10361
53.09458,53.15356
53.14454,53.20354
53.19447,53.25338
53.24458,53.30363
53.29433,53.35336
53.34425,53.4035
53.39427,53.45348
53.4447,53.50342
53.49466,53.5538
53.54446,53.6042
53.59412,53.65439
53.6441,53.70414
53.74431,53.75383
53.7947,53.80427
53.84463,53.85439
53.89473,53.90426
53.94513,53.95443
53.99511,54.00448
54.04491,54.05463
54.09464,54.1044
54.14458,54.1544
54.19423,54.20481
54.24456,54.25462
54.29475,54.30492
54.34508,54.35472
54.39502,54.40452
54.44497,54.45436
54.49495,54.5046
54.54496,54.55466
54.59462,54.65489
54.64425,54.70502
54.69394,54.75472
54.74403,54.80466
54.79395,54.85482
54.84407,54.90501
54.89371,54.95519
54.94401,55.0053
54.99397,55.05568
55.04414,55.10543
55.0943,55.15533
55.14395,55.20534
55.19381,55.25544
55.24362,55.30521
55.29356,55.35534
55.34334,55.40565
55.39381,55.45511
55.44413,55.50511
55.4938,55.55454
55.54369,55.60444
55.59363,55.65464
55.64369,55.7043
55.69409,55.754
55.74453,55.80371
55.79469,55.85402
55.84515,55.90376
55.89493,55.95365
55.94473,56.00409
55.99434,56.05382
56.03054,56.09782
56.08023,56.14804
56.13043,56.19802
56.18039,56.24797
56.23022,56.29806
56.28015,56.34776
56.33015,56.39738
56.38002,56.44783
56.42985,56.49772
56.48026,56.54779
56.53001,56.59809
56.57999,56.64828
56.63028,56.69852
56.68038,56.74874
56.73087,56.79923
56.78065,56.84948
56.83068,56.89988
56.8808,56.9501
56.93047,57.00035
56.98058,57.05037
57.03087,57.10056
57.08118,57.15043
57.13158,57.20074
57.18145,57.25094
57.23125,57.30115
57.2816,57.35104
57.33138,57.40076
57.381,57.45062
57.43071,57.50103
57.48059,57.5513
57.53054,57.6016
57.58034,57.65128
57.63063,57.7015
57.68098,57.75177
57.73114,57.80196
57.78157,57.85223
57.83138,57.90243
57.88119,57.95266
57.93159,58.00247
57.98186,58.05213
58.03164,58.10253
58.08153,58.1529
58.13186,58.20252
58.18203,58.25245
58.23191,58.3026
58.28164,58.35261
58.33159,58.40266
58.38179,58.45246
58.43172,58.5024
58.48158,58.55204
58.53198,58.60194
58.58171,58.65379
58.63211,58.7026
58.68199,58.75255
58.73372,58.80251
58.78205,58.85195
58.83222,58.90195
58.88222,58.95228
58.93205,59.00267
58.98219,59.05293
59.03258,59.10268
59.08234,59.15241
59.13261,59.20212
59.18238,59.25204
59.23241,59.30166
59.28217,59.35208
59.33188,59.40178
59.38171,59.45179
59.43156,59.50154
59.48157,59.55191
59.53148,59.60173
59.58123,59.65217
59.63097,59.70217
59.68063,59.75244
59.7303,59.80277
59.77995,59.85326
59.8299,59.90357
59.87968,59.95338
59.92947,60.00305
59.97959,60.05336
60.0295,60.10363
60.07927,60.15399
60.12953,60.20377
60.1792,60.25343
60.22893,60.30315
60.27862,60.35299
60.32893,60.40264
60.37896,60.45228
60.42869,60.50243
60.47888,60.55214
60.52928,60.60251
60.62936,60.6525
60.6792,60.70216
60.72901,60.75191
60.77875,60.80165
60.82855,60.8513
60.87822,60.90137
60.92795,60.95155
60.97762,61.00123
61.02781,61.05084
61.07747,61.10063
61.12785,61.15095
61.17778,61.20084
61.22753,61.25121
61.27741,61.30116
61.32786,61.35089
61.37751,61.40128
61.42727,61.45102
61.47713,61.50064
61.5273,61.55043
61.57753,61.6002
61.62798,61.6506
61.67786,61.70054
61.72811,61.7509
61.77799,61.80062
61.82837,61.8506
61.87865,61.90054
61.93159,61.95082
61.97911,62.00093
62.02887,62.05043
62.07895,62.10067
62.12891,62.1504
62.17853,62.20022
62.22857,62.25007
62.27888,62.29989
62.32875,62.3498
62.37866,62.3998
62.42882,62.44965
62.47869,62.49933
62.52871,62.54912
62.57869,62.59892
62.62858,62.69869
62.6785,62.74906
62.72872,62.79957
62.77865,62.84986
62.82876,62.90015
62.87842,62.95054
62.92817,63.00086
62.97818,63.05112
63.02791,63.1014
63.07755,63.15148
63.12781,63.20119
63.17823,63.25146
63.22791,63.3011
63.27774,63.35077
63.32758,63.4006
63.37738,63.4503
63.42704,63.50013
63.47688,63.54998
63.52674,63.60012
63.57658,63.64977
63.62643,63.69951
63.67617,63.74976
63.72591,63.80003
63.77303,63.85032
63.81194,63.8846
63.86221,63.93499
63.90653,63.98286
63.95672,64.03257
64.0069,64.08299
64.05726,64.1328
64.1075,64.18243
64.15729,64.23232
64.20708,64.28216
64.25679,64.33243
64.30663,64.38239
64.35707,64.43266
64.40693,64.48232
64.45709,64.53222
64.50735,64.58238
64.55775,64.63205
64.60767,64.68208
64.65767,64.73187
64.70218,64.7779
64.73394,64.82132
64.78205,64.86328
64.83198,64.91291
64.88221,64.96339
64.98175,65.01365
65.03149,65.06363
65.08117,65.11408
65.13161,65.16448
65.18172,65.21471
65.23181,65.26495
65.282,65.31529
65.33218,65.36591
65.38277,65.41618
65.4326,65.46616
65.48294,65.51655
65.53325,65.56622
65.58278,65.6165
65.63246,65.66623
65.68211,65.71596
65.73177,65.76568
65.78154,65.81546
65.83152,65.86568
65.882,65.91573
65.93217,65.966
65.98217,66.01635
66.03238,66.06639
66.08227,66.11626
66.13216,66.16608
66.17433,66.21572
66.22422,66.26585
66.27438,66.31595
66.32453,66.36586
66.37495,66.41553
66.42533,66.46547
66.47572,66.5152
66.52551,66.56505
66.57535,66.61547
66.62509,66.66518
66.67471,66.76494
66.72437,66.81495
66.77431,66.86469
66.82471,66.91482
66.87455,66.96495
66.92449,67.01462
66.97424,67.0644
67.02402,67.11479
67.07445,67.16447
67.1249,67.21424
67.17458,67.264
67.22424,67.31378
67.27455,67.36359
67.32422,67.4132
67.37424,67.46319
67.42434,67.51297
67.47403,67.56332
67.52401,67.61372
67.5742,67.6635
67.62389,67.7137
67.67368,67.76405
67.72416,67.81409
67.77436,67.86452
67.82455,67.91447
67.87417,67.96458
67.92392,68.01503
67.97373,68.06479
68.02364,68.11516
68.07346,68.16543
68.12317,68.21587
68.22321,68.26559
68.2734,68.3153
68.32368,68.36575
68.37394,68.41536
68.42433,68.46516
68.47446,68.51484
68.52414,68.56452
68.56534,68.61497
68.61527,68.66495
68.66567,68.71471
68.71586,68.76469
68.76559,68.81488
68.81564,68.86523
68.86595,68.91558
68.91619,68.96621
68.96602,69.01595
69.01608,69.06609
69.06586,69.11562
69.11559,69.16534
69.16579,69.21516
69.21542,69.26517
69.26579,69.31517
69.31541,69.36502
69.36552,69.4149
69.41513,69.46455
69.46526,69.51474
69.51573,69.56487
69.5654,69.61447
69.61506,69.66413
69.6649,69.71463
69.71459,69.76429
69.76456,69.81428
69.80845,69.86428
69.85832,69.91429
69.90864,69.96457
69.95826,70.01477
70.00813,70.06452
70.05853,70.11414
70.10877,70.16463
70.15893,70.21443
70.2086,70.26487
70.25887,70.31488
70.30883,70.36472
70.35877,70.40626
70.40895,70.45612
70.4593,70.50587
70.50896,70.55588
70.55893,70.60576
70.60879,70.70602
70.65856,70.75568
70.70898,70.80601
70.75942,70.83372
70.80242,70.88358
70.85245,70.92992
70.90208,70.97994
70.95228,71.02992
71.00204,71.07958
71.05228,71.12854
71.10244,71.17865
71.15221,71.22907
71.20251,71.2795
71.25262,71.32213
71.30301,71.37224
71.35336,71.42259
71.40373,71.47308
71.45414,71.52306
71.50456,71.62247
71.55488,71.67224
71.60522,71.72211
71.65496,71.77204
71.70514,71.82236
71.75567,71.87267
71.80563,71.92226
71.85561,71.97266
71.9054,72.02297
71.95525,72.07267
72.00527,72.12238
72.05517,72.17217
72.1048,72.22196
72.15443,72.27173
72.20482,72.32156
72.25526,72.37135
72.30553,72.42132
72.35616,72.4711
72.40572,72.52272
72.45576,72.57176
72.50536,72.62202
72.55526,72.67204
72.60516,72.72144
72.65546,72.77111
72.70546,72.82088
72.75542,72.87051
72.8054,72.92088
72.85535,72.97124
72.90522,73.0217
72.95511,73.07207
73.00494,73.12231
73.10499,73.17269
73.15481,73.2223
73.20479,73.27274
73.25511,73.32241
73.30541,73.37204
73.3559,73.42238
73.4062,73.47221
73.45592,73.52197
73.50562,73.57224
73.55601,73.62257
73.60565,73.67228
73.65607,73.7225
73.70651,73.77269
73.75694,73.82284
73.80666,73.87327
73.85641,73.92297
73.90659,73.97276
73.95664,74.0227
74.00631,74.07263
74.05605,74.12302
74.10654,74.17336
74.15626,74.22373
74.2066,74.27414
74.25636,74.32382
74.30663,74.37406
74.35625,74.42383
74.40628,74.47368
74.45611,74.52346
74.50582,74.57395
74.55591,74.6244
74.60623,74.67419
74.65601,74.72408
74.70583,74.77441
74.75611,74.82468
74.80591,74.87479
74.85586,74.92519
74.9063,74.97557
74.95643,75.02599
75.00691,75.07619
75.05669,75.12662
75.10709,75.17628
75.1571,75.22625
75.207,75.27598
75.25732,75.32572
75.307,75.37553
75.35744,75.4259
75.40777,75.47585
75.45768,75.52579
75.50757,75.57571
75.55801,75.62538
75.60851,75.67501
75.66064,75.72546
75.7095,75.77579
75.75921,75.82745
75.80911,75.87601
75.8591,75.92579
75.9091,75.97567
75.9591,76.02587
76.00947,76.07566
76.0591,76.12594
76.10943,76.17624
76.1591,76.22612
76.20903,76.27592
76.25941,76.32565
76.3096,76.37593
76.35832,76.41709
76.40867,76.46705
76.45856,76.51746
76.50901,76.56744
76.55923,76.6171
76.60909,76.66699
76.65906,76.76632
76.70902,76.81625
76.75913,76.8661
76.80929,76.91609
76.85929,76.96627
76.9092,77.01591
76.95966,77.0658
77.00966,77.11584
77.05973,77.16628
77.15985,77.21604
77.21026,77.26604
77.26006,77.31611
77.31054,77.36622
77.36037,77.41627
77.41025,77.46643
77.45998,77.51623
77.51026,77.56604
77.56037,77.61591
77.61076,77.66614
77.66071,77.716
77.71037,77.76574
77.8102,77.81613
77.86065,77.86582
77.91112,77.91577
77.95065,77.9595
78.00087,78.00944
78.05063,78.0591
78.10058,78.10915
78.15051,78.15909
78.2002,78.20901
78.25,78.25873
78.2997,78.3087
78.34944,78.3584
78.39993,78.4085
78.45033,78.45853
78.49171,78.50821
78.54131,78.55794
78.59122,78.60787
78.6409,78.65792
78.69063,78.70779
78.74091,78.7578
78.79109,78.80789
78.84118,78.85983
78.89052,78.90822
78.9407,78.95853
78.99095,79.00866
79.04089,79.05875
79.09082,79.10878
79.14105,79.15874
79.19097,79.20858
79.24085,79.25851
79.29096,79.3084
79.34061,79.3584
79.39101,79.40858
79.44074,79.4582
79.49111,79.50857
79.54095,79.55879
79.59122,79.60913
79.64104,79.65897
79.69101,79.70871
79.74089,79.75883
79.7909,79.80871
79.84097,79.85867
79.89131,79.90863
79.94147,79.9588
79.99133,80.00851
80.04117,80.05894
80.09115,80.10885
80.14107,80.15929
80.19109,80.20902
80.241,80.25883
80.291,80.30919
80.3415,80.35911
80.39169,80.40905
80.44199,80.45866
80.49189,80.50858
80.54192,80.55856
80.59155,80.60844
80.642,80.65836
80.692,80.70829
80.74232,80.7583
80.79269,80.80845
80.84283,80.85859
80.89268,80.90822
80.94285,80.95871
80.99293,81.00865
81.04272,81.05844
81.09237,81.10836
81.14254,81.15819
81.1922,81.20847
81.24195,81.24763
81.29175,81.29755
81.34157,81.34728
81.39125,81.39722
81.44099,81.44727
81.49085,81.49744
81.54068,81.54742
81.59081,81.59778
81.64068,81.64817
81.69214,81.69831
81.74161,81.74814
81.79174,81.79834
81.84132,81.84867
81.89153,81.89904
81.94166,81.94823
81.99166,81.9983
82.04205,82.04852
82.09187,82.09854
82.14192,82.14849
82.19173,82.19893
82.24157,82.24936
82.2915,82.29925
82.34158,82.34913
82.39166,82.39896
82.44199,82.44875
82.49179,82.49873
82.54224,82.54849
82.59205,82.64861
82.6422,82.69907
82.69184,82.74886
82.74155,82.79872
82.79137,82.84886
82.84129,82.89925
82.89169,82.94927
82.94143,82.99928
82.99129,83.04932
83.04108,83.09918
83.0909,83.14954
83.14055,83.19981
83.19086,83.2496
83.24104,83.29933
83.29085,83.34927
83.34129,83.39964
83.39116,83.4494
83.44148,83.49984
83.49135,83.54948
83.54117,83.59945
83.59137,83.6492
83.64104,83.69886
83.69084,83.7489
83.74081,83.79885
83.79057,83.84887
83.84051,83.89877
83.89034,83.94871
83.94013,83.99886
83.98976,84.04879
84.0395,84.09846
84.08994,84.14818
84.13976,84.19779
84.18962,84.24786
84.23942,84.29827
84.28931,84.34826
84.3391,84.3987
84.43919,84.44832
84.4889,84.49836
84.53873,84.54826
84.58858,84.59817
84.63887,84.64819
84.68859,84.69817
84.73843,84.74818
84.78819,84.79811
84.83829,84.84806
84.88832,84.89798
84.93949,84.94859
84.98822,84.99844
85.03802,85.04826
85.08742,85.09805
85.13719,85.14851
85.18714,85.1985
85.23706,85.24816
85.28694,85.29784
85.33733,85.34821
85.38747,85.39829
85.43778,85.44802
85.48741,85.49835
85.53767,85.54861
85.98907,85.59869
86.28512,85.64908
86.41813,85.69901
86.43707,85.74889
86.45499,85.79938
86.46799,85.84977
86.48293,85.89995
86.51052,85.94648
86.53012,85.98864
86.5483,86.03177
86.56904,86.08195
86.58189,86.13216
86.59638,86.17603
86.61092,86.21287
86.62379,86.23781
86.63866,86.27195
86.65247,86.30039
86.66565,86.32862
86.6794,86.34915
86.69286,86.37135
86.70626,86.39108
86.72133,86.41879
86.73586,86.60259
86.7499,86.74498
86.7635,86.75992
86.77253,86.77415
86.78476,86.78841
86.80073,86.79948
86.81472,86.81635
86.82339,86.82327
86.84419,86.84887
86.86069,86.86269
86.87166,86.87487
86.88612,86.89001
86.89932,86.90072
86.91641,86.91527
86.92995,86.92914
86.9457,86.95235
86.95832,86.96326
86.97183,86.99167
86.98626,87.01262
87.00228,87.03969
87.01663,87.04901
87.03158,87.05922
87.04662,87.07965
87.05959,87.09396
87.07564,87.10709
87.09195,87.12246
87.11128,87.13742
87.12812,87.15301
87.14465,87.16859
87.16568,87.18498
87.18752,87.19582
87.20695,87.22435
87.22112,87.23639
87.23812,87.24855
87.25164,87.25933
87.26858,87.28615
87.28108,87.29868
87.29155,87.31122
87.30743,87.32298
87.32348,87.35328
87.3344,87.36671
87.35663,87.38167
87.36705,87.39226
87.38097,87.40546
87.39642,87.4191
87.41035,87.43187
87.42644,87.4469
87.44769,87.46015
87.4624,87.47303
87.47732,87.48708
87.49145,87.49635
87.50842,87.50871
87.52154,87.53515
87.53685,87.54788
87.54696,87.56423
87.56213,87.57623
87.57738,87.59038
87.592,87.59875
87.6096,87.61906
87.62653,87.63298
87.64118,87.64874
87.66667,87.66433
87.67428,87.67863
87.69394,87.69271
87.70911,87.70966
87.72281,87.72741
87.74221,87.74401
87.75843,87.75544
87.77114,87.77034
87.78564,87.7853
87.79874,87.79927
87.81277,87.811
87.82323,87.82778
87.83815,87.84223
87.84948,87.85574
87.86234,87.86974
87.87324,87.88746
87.88882,87.90146
87.90344,87.92088
87.91557,87.93281
87.92875,87.94527
87.94297,87.9604
87.95616,87.96764
87.96488,87.98144
87.97955,87.99512
87.99231,88.00754
88.00689,88.02204
88.01788,88.03594
88.03153,88.05037
88.04303,88.06403
88.05044,88.07143
88.05975,88.0833
88.07108,88.09358
88.08139,88.10531
88.09364,88.1178
88.10647,88.12952
88.12433,88.14407
88.13535,88.1574
88.1479,88.16665
88.16239,88.17838
88.17417,88.19154
88.18877,88.2042
88.20313,88.21767
88.22016,88.2344
88.23126,88.24532
88.24707,88.2598
88.2574,88.27174
88.27686,88.29893
88.28659,88.30878
88.31306,88.3248
88.32483,88.3374
88.33312,88.34851
88.34566,88.35878
88.35428,88.37144
88.36647,88.38406
88.38395,88.39326
88.39728,88.40249
88.40468,88.41622
88.41615,88.42547
88.42995,88.44313
88.44359,88.47003
88.45801,88.47917
88.47913,88.49086
88.49625,88.49806
88.50554,88.51082
88.5181,88.51986
88.53907,88.54513
88.5465,88.55253
88.56099,88.56508
88.57196,88.5786
88.58127,88.60497
88.59679,88.62348
88.61032,88.63789
88.62543,88.65742
88.66696,88.67305
88.67865,88.69682
88.69819,88.71248
88.71059,88.7243
88.7224,88.7377
88.736,88.74802
88.7482,88.76073
88.76002,88.77591
88.77635,88.78828
88.79414,88.80316
88.8093,88.8167
88.82449,88.83879
88.83803,88.85664
88.85423,88.88581
88.87969,88.90806
88.93832,88.93999
88.95369,88.97171
88.99707,89.00412
89.02225,89.0297
89.04919,89.05762
89.05666,89.07616
89.06894,89.09219
89.07906,89.1053
89.09528,89.11737
89.10975,89.13168
89.12199,89.14224
89.13455,89.15145
89.14516,89.16373
89.15906,89.17225
89.16982,89.18543
89.17712,89.19276
89.18707,89.20388
89.19442,89.21631
89.20393,89.22552
89.21289,89.23698
89.22537,89.25096
89.23835,89.25824
89.24751,89.27181
89.26009,89.28438
89.27335,89.29465
89.28349,89.30614
89.29679,89.32062
89.30902,89.33285
89.31927,89.34538
89.32816,89.3575
89.33965,89.36675
89.35139,89.37838
89.36314,89.38758
89.37362,89.39681
89.38673,89.40418
89.397,89.41338
89.40888,89.42081
89.41918,89.43036
89.43387,89.43776
89.44126,89.44801
89.45395,89.45724
89.4626,89.46835
89.4762,89.47572
89.48493,89.48731
89.49625,89.49469
89.50535,89.5019
89.51454,89.51242
89.52313,89.52264
89.53047,89.53187
89.53967,89.53927
89.54839,89.55078
89.55751,89.56482
89.56432,89.57578
89.57434,89.58644
89.58328,89.59814
89.59532,89.60949
89.60547,89.61975
89.61714,89.62902
89.62595,89.64244
89.63595,89.65691
89.65004,89.66422
89.66048,89.67524
89.67174,89.68223
89.67857,89.69723
89.69133,89.71043
89.69813,89.72185
89.70901,89.73687
89.71748,89.74931
89.72637,89.7624
89.73659,89.77615
89.74508,89.78711
89.75171,89.80074
89.76167,89.81133
89.77283,89.82631
89.7847,89.83868
89.79192,89.8477
89.8056,89.86462
89.8128,89.87344
89.8272,89.88944
89.8336,89.90204
89.84041,89.91637
89.85407,89.93027
89.8638,89.94403
89.87337,89.95136
89.92667,89.96471
89.9353,89.97497
89.94827,89.98671
89.99874,89.99588

