a11852_human_90min_hrMS2,a11853_human_90min_hrMS2
0.00770647,1
0.007962971,1
0.02480393,8
0.03094174,5
0.03668715,2
0.0415436,_
0.05094702,h
0.05462864,u
0.06575732,m
0.06950107,a
0.07768814,n
0.08417381,_
0.08922746,9
0.09783189,0
0.1006376,m
0.1046254,i
0.1138496,n
0.1194084,_
0.1214956,h
0.1318037,r
0.1351722,M
0.1452327,S
0.1481159,2
0.156564,,
0.1626882,a
0.1680299,1
0.1731045,1
0.1800901,8
0.1870334,5
0.1940147,3
0.1989437,_
0.2084623,h
0.20756,u
0.2221724,m
0.2186472,a
0.2372282,n
0.230647,_
0.2503676,9
0.2439801,0
0.2635904,m
0.2526882,i
0.2771565,n
0.2659004,_
0.2903959,h
0.2818335,r
0.3082936,M
0.294679,S
0.3210953,2
0.3132159,

0.3348886,0
0.3269407,.
0.3479509,0
0.3421527,0
0.3603025,7
0.3559797,7
0.3740917,0
0.3697542,6
0.3863604,4
0.3827728,7
0.3988288,,
0.3937662,1
0.4120806,

0.4033681,0
0.4187323,.
0.4171467,0
0.4314737,0
0.4312635,7
0.444684,9
0.4405775,6
0.4578544,2
0.456219,9
0.4665228,7
0.4662831,1
0.4751265,,
0.47491,1
0.4819206,

0.4840059,0
0.4920225,.
0.4971677,0
0.5043617,2
0.5086261,4
0.5178238,8
0.5232422,0
0.5290238,3
0.5358212,9
0.5406899,3
0.5511686,,
0.5542066,8
0.561081,

0.5654335,0
0.5714099,.
0.5782313,0
0.5833721,3
0.5938908,0
0.5972073,9
0.6056639,4
0.6062008,1
0.6199965,7
0.6163589,4
0.6346066,,
0.6290753,5
0.6480812,

0.6423979,0
0.660685,.
0.6527579,0
0.6738663,3
0.6646828,6
0.6827641,6
0.6796033,8
0.696197,7
0.6932781,1
0.7095508,5
0.7050275,,
0.7217191,2
0.7183418,

0.7324211,0
0.7334352,.
0.7486517,0
0.7479682,4
0.7556099,1
0.7588387,5
0.7660202,4
0.7726345,3
0.7786074,6
0.7858817,,
0.7938174,_
0.7990296,

0.8052276,0
0.8122582,.
0.8186291,0
0.8222704,5
0.8287373,0
0.8365036,9
0.8401953,4
0.8534971,7
0.8551574,0
0.8645592,2
0.8620178,,
0.874338,h
0.878007,

0.8902272,0
0.8906257,.
0.9030688,0
0.9029379,5
0.9157664,4
0.9141937,6
0.9282162,2
0.9261602,8
0.9440991,6
0.9383534,4
0.9572821,,
0.9506178,u
0.9701027,

0.9664633,0
0.9828543,.
0.9776217,0
0.9956102,6
0.9915878,5
1.008696,7
1.000983,5
1.022435,7
1.016081,3
1.036222,2
1.026731,,
1.05183,m
1.038557,

1.060634,0
1.05539,.
1.076865,0
1.070584,6
1.0855,9
1.084738,5
1.097562,0
1.097812,1
1.11152,0
1.109948,7
1.123632,,
1.123589,a
1.141694,

1.138157,0
1.155788,.
1.150957,0
1.171996,7
1.165527,7
1.185098,6
1.180623,8
1.198595,8
1.193017,1
1.207385,4
1.201689,,
1.222032,n
1.215672,

1.235221,0
1.225855,.
1.249321,0
1.237011,8
1.260229,4
1.249154,1
1.273116,7
1.258985,3
1.282129,8
1.267802,1
1.296136,,
1.280144,_
1.308497,

1.288866,0
1.31859,.
1.300887,0
1.327963,8
1.309597,9
1.339688,2
1.320486,2
1.348356,7
1.32962,4
1.357029,6
1.338285,,
1.368093,9
1.345043,

1.382287,0
1.351675,.
1.394749,0
1.363718,9
1.403446,7
1.370318,8
1.414627,3
1.380885,1
1.424117,8
1.391554,9
1.434796,,
1.400645,0
1.444729,

1.413753,0
1.453426,.
1.420545,1
1.465626,0
1.429192,0
1.474343,6
1.437819,3
1.485997,7
1.449201,6
1.494788,,
1.455837,m
1.504092,

1.467485,0
1.513952,.
1.478551,1
1.522846,0
1.487612,4
1.529602,6
1.496284,2
1.538344,5
1.505944,4
1.548262,,
1.514615,i
1.557026,

1.523717,0
1.565678,.
1.534333,1
1.574324,1
1.54711,3
1.582892,8
1.556206,4
1.592683,9
1.567276,6
1.599469,,
1.575934,n
1.611323,

1.582682,0
1.620187,.
1.591348,1
1.629056,1
1.598111,9
1.641478,4
1.607215,0
1.650601,8
1.618111,4
1.66189,,
1.629777,_
1.66849,

1.638433,0
1.678855,.
1.647148,1
1.689481,2
1.657982,1
1.700052,4
1.664546,9
1.711212,5
1.671342,6
1.720089,,
1.683506,h
1.728745,

1.690102,0
1.737422,.
1.696682,1
1.744192,3
1.707711,1
1.756045,8
1.716374,0
1.766287,3
1.722948,7
1.773086,,
1.729531,r
1.786333,

1.736127,0
1.795668,.
1.74477,1
1.804305,3
1.753457,5
1.811068,1
1.760207,7
1.819722,2
1.768911,2
1.828549,,
1.778573,M
1.837212,

1.785382,0
1.845875,.
1.797533,1
1.852611,4
1.809912,5
1.859607,2
1.81857,3
1.870852,2
1.827708,7
1.880046,,
1.837276,S
1.890487,

1.846045,0
1.897266,.
1.857453,1
1.906853,4
1.86603,8
1.91361,1
1.874802,1
1.922553,5
1.881544,9
1.931328,,
1.890325,2
1.940996,

1.901276,0
1.949796,.
1.908037,1
1.956577,5
1.916735,6
1.965485,5
1.928409,6
1.97421,4
1.940009,,
1.980951,,
1.94677,

1.989646,0
1.955786,.
1.998399,1
1.962727,6
2.007145,2
1.972475,6
2.015818,8
1.981739,8
2.02633,2
1.990676,,
2.03315,a
2.001243,

2.04555,0
2.010672,.
2.054373,1
2.021919,6
2.066646,8
2.030584,0
2.078037,2
2.039236,9
2.084795,9
2.046,,
2.094395,1
2.057742,

2.103053,0
2.066408,.
2.112115,1
2.078862,7
2.124992,3
2.090462,1
2.135404,0
2.099141,4
2.144106,5
2.111526,,
2.153114,1
2.120892,

2.159902,0
2.129521,.
2.168589,1
2.136273,8
2.17892,0
2.142865,0
2.187616,9
2.151527,0
2.197195,1
2.160187,,
2.209921,8
2.169006,

2.216869,0
2.17767,.
2.227833,1
2.186451,8
2.236548,7
2.199316,0
2.246673,3
2.213532,3
2.255646,4
2.222163,,
2.265135,5
2.232938,

2.273809,0
2.243125,.
2.284544,1
2.252137,9
2.293655,4
2.262804,0
2.302667,1
2.272131,4
2.312337,7
2.280901,,
2.319098,3
2.293163,

2.329798,0
2.304671,.
2.33845,1
2.314496,9
2.347101,8
2.323433,9
2.35384,4
2.330179,3
2.360466,7
2.33885,,
2.372211,_
2.349705,

2.385038,0
2.356491,.
2.393792,2
2.366337,0
2.402465,8
2.375336,4
2.40921,6
2.381928,2
2.417871,3
2.390603,,
2.42661,h
2.399536,

2.435326,0
2.406498,.
2.44221,2
2.415135,0
2.454797,7
2.426829,5
2.464574,6
2.435499,,
2.473205,u
2.445578,

2.484677,0
2.452334,.
2.494979,2
2.458762,2
2.509335,2
2.468707,1
2.516872,7
2.480496,2
2.525582,4
2.4892,,
2.532514,m
2.497986,

2.543259,0
2.5066,.
2.549994,2
2.51532,1
2.556834,8
2.522066,6
2.570875,4
2.528487,7
2.58416,2
2.537224,,
2.592921,a
2.546055,

2.605264,0
2.554828,.
2.613941,2
2.564753,3
2.625787,7
2.573617,2
2.634382,2
2.580198,8
2.644865,2
2.588835,,
2.654115,n
2.597437,

2.6628,0
2.608383,.
2.674139,2
2.617064,3
2.684931,0
2.626066,6
2.695258,4
2.637792,7
2.707595,,
2.644532,_
2.716311,

2.653186,0
2.725138,.
2.659932,2
2.731892,5
2.668623,0
2.738471,3
2.67736,6
2.749296,7
2.686049,6
2.75974,,
2.692996,9
2.771462,

2.704774,0
2.778054,.
2.71372,2
2.789195,4
2.722697,3
2.799397,9
2.732253,8
2.808045,0
2.740863,1
2.818067,,
2.749523,0
2.826694,

2.758496,0
2.835325,.
2.767171,2
2.844271,6
2.778146,3
2.853125,5
2.788062,9
2.86177,0
2.796661,4
2.871031,,
2.803431,m
2.884136,

2.812122,0
2.890937,.
2.821128,2
2.902863,5
2.830958,2
2.911519,6
2.837563,8
2.918254,8
2.846575,2
2.92485,,
2.859173,i
2.931436,

2.867843,0
2.940058,.
2.880245,2
2.948735,7
2.887014,7
2.955847,1
2.893632,5
2.962599,6
2.907295,5
2.971381,,
2.913894,n
2.980051,

2.920502,0
2.986959,.
2.929461,2
2.993562,6
2.936242,5
3.000134,9
2.947556,0
3.008754,0
2.956946,4
3.015846,,
2.970145,_
3.024533,

2.978964,0
3.033239,.
2.991911,2
3.042199,9
3.000526,0
3.054332,3
3.010051,9
3.061249,5
3.018698,9
3.067999,,
3.027854,h
3.076705,

3.036681,0
3.085723,.
3.045347,2
3.092686,8
3.05212,1
3.101829,8
3.060881,3
3.108734,3
3.069489,5
3.117424,,
3.078176,r
3.124374,

3.08679,0
3.130933,.
3.09559,3
3.137507,0
3.106221,8
3.144095,2
3.112971,9
3.154433,3
3.121979,6
3.163101,,
3.131323,M
3.171705,

3.140227,0
3.180731,.
3.149166,2
3.187688,9
3.16096,4
3.194436,6
3.172436,7
3.203189,9
3.179209,,
3.21196,S
3.19137,

3.220685,0
3.200977,.
3.2295,3
3.209587,2
3.23964,1
3.218356,0
3.24638,9
3.229637,5
3.255063,3
3.238385,,
3.261644,2
3.246976,

3.268396,0
3.255655,.
3.278838,3
3.26784,1
3.28959,3
3.276446,2
3.298196,1
3.28514,5
3.307308,9
3.295521,,
3.313893,

3.302108,

3.323893,0
3.308683,.
3.332505,3
3.315448,3
3.341128,4
3.326698,8
3.352548,8
3.33772,8
3.363528,6
3.344478,,
3.372575,0
3.353186,

3.379127,0
3.359919,.
3.385908,3
3.366511,2
3.397545,6
3.376573,9
3.40412,4
3.385225,0
3.412945,7
3.393958,,
3.424262,.
3.406142,

3.435047,0
3.418103,.
3.443688,3
3.429118,4
3.452327,7
3.437717,9
3.46356,5
3.449103,0
3.472496,9
3.457832,,
3.485435,0
3.470302,

3.49406,0
3.479037,.
3.506578,3
3.491402,4
3.514295,2
3.502212,1
3.525819,5
3.516283,2
3.53778,7
3.528347,,
3.55065,0
3.541615,

3.562179,0
3.552238,.
3.570858,3
3.560765,6
3.583508,0
3.570317,3
3.592157,0
3.579333,2
3.598745,5
3.592916,,
3.608791,7
3.606345,

3.617656,0
3.617963,.
3.624277,3
3.624711,5
3.630857,5
3.633248,9
3.642752,7
3.640088,9
3.649354,7
3.654306,,
3.661574,7
3.663287,

3.668354,0
3.672173,.
3.680114,3
3.687276,7
3.691722,4
3.698834,0
3.70329,9
3.710425,1
3.716415,7
3.71738,,
3.72759,0
3.729169,

3.741225,0
3.7416,.
3.753243,3
3.752775,6
3.761826,9
3.761299,7
3.770389,5
3.768224,4
3.782588,2
3.774645,,
3.79464,6
3.787228,

3.805835,0
3.797166,.
3.812454,3
3.809165,8
3.826521,6
3.818348,3
3.838031,6
3.83437,0
3.849827,4
3.840968,,
3.858476,4
3.851891,

3.869895,0
3.861007,.
3.876653,3
3.869907,8
3.885253,2
3.879243,7
3.896504,7
3.893896,2
3.905252,8
3.903667,,
3.914319,7
3.915765,

3.927208,0
3.92611,.
3.939106,3
3.938091,9
3.953184,8
3.949031,8
3.964211,2
3.962008,8
3.979184,8
3.971284,,
3.992042,,
3.984976,

4.002211,0
3.996625,.
4.015756,3
4.010617,9
4.027306,3
4.023995,7
4.036981,6
4.037635,6
4.047368,2
4.04987,,
4.060353,1
4.062593,

4.074584,0
4.078307,.
4.084292,4
4.087392,1
4.092983,2
4.097617,0
4.105783,8
4.111965,0
4.118366,6
4.124564,,
4.132484,

4.137105,

4.142207,0
4.147407,.
4.155442,4
4.154172,0
4.170734,3
4.162801,3
4.180067,6
4.175596,8
4.193935,1
4.184208,,
4.206235,0
4.196439,

4.217105,0
4.207941,.
4.228032,4
4.214531,1
4.242495,8
4.223287,7
4.251834,3
4.235395,2
4.260713,3
4.24959,,
4.274742,.
4.260438,

4.288241,0
4.273269,.
4.300235,4
4.285285,1
4.313112,7
4.29802,1
4.321759,4
4.308458,6
4.332047,7
4.322816,,
4.343338,0
4.336103,

4.354629,0
4.345066,.
4.365821,4
4.358277,3
4.378508,1
4.371631,4
4.387149,7
4.386029,3
4.401578,7
4.399164,,
4.413111,0
4.411034,

4.428263,0
4.421986,.
4.438879,4
4.428768,3
4.454043,1
4.440823,2
4.466766,6
4.4539,3
4.479577,5
4.467967,,
4.493368,7
4.479224,

4.510155,0
4.491137,.
4.523509,4
4.504084,4
4.533975,4
4.517654,6
4.549308,8
4.533326,4
4.558489,,
4.545758,9
4.571091,

4.560351,0
4.585488,.
4.572549,4
4.598667,4
4.585691,0
4.613367,5
4.598292,7
4.631342,7
4.615421,5
4.645229,,
4.627621,6
4.65807,

4.640465,0
4.676138,.
4.652804,4
4.692826,5
4.666147,7
4.714223,8
4.680335,5
4.72962,4
4.698286,4
4.751758,,
4.714396,2
4.768939,

4.726264,0
4.785796,.
4.742064,4
4.802887,5
4.751891,6
4.816739,2
4.767874,1
4.837458,9
4.788461,,
4.860764,9
4.804663,

4.875063,0
4.820791,.
4.895467,4
4.835562,6
4.914335,6
4.850281,5
4.935287,2
4.863895,2
4.954103,8
4.879531,,
4.974721,7
4.898361,

4.99536,0
4.920527,.
5.015897,4
4.940395,6
5.033501,6
4.962657,2
5.052822,8
4.976613,3
5.066657,1
4.994667,,
5.089027,1
5.017558,

5.114264,0
5.037014,.
5.127732,4
5.052344,7
5.150144,5
5.072856,1
5.171352,2
5.097019,6
5.18575,5
5.115757,,
5.19869,,
5.129663,

5.218265,0
5.153886,.
5.236252,4
5.177931,7
5.254281,4
5.191823,9
5.281206,1
5.208355,,
5.308667,1
5.234082,

5.323621,0
5.251208,.
5.343952,4
5.272548,8
5.356279,1
5.291418,9
5.374287,2
5.318059,0
5.391491,6
5.345344,,
5.406738,

5.365952,

5.422227,0
5.392618,.
5.445467,4
5.421086,8
5.461884,4
5.446077,0
5.484913,0
5.471645,5
5.50725,9
5.50064,,
5.529729,0
5.516875,

5.552937,0
5.535817,.
5.567655,4
5.548452,9
5.588338,2
5.581453,0
5.603888,2
5.598746,2
5.628623,5
5.627872,,
5.642862,.
5.650947,

5.657324,0
5.688715,.
5.68399,4
5.719079,9
5.700144,7
5.748712,1
5.716646,6
5.787609,7
5.738791,7
5.80221,,
5.752355,0
5.823737,

5.773754,0
5.844522,.
5.787146,5
5.891942,0
5.804283,4
5.925601,3
5.819549,6
5.952982,1
5.870136,7
5.97545,,
5.894123,2
6.007178,

5.917416,0
6.034128,.
5.977854,5
6.076446,0
6.014853,8
6.112407,6
6.054727,2
6.138184,6
6.097007,1
6.16671,,
6.139944,4
6.188251,

6.175337,0
6.217404,.
6.207524,5
6.244792,1
6.248729,7
6.265962,8
6.286947,2
6.306232,3
6.331783,8
6.335258,,
6.368237,8
6.381464,

6.408567,0
6.428988,.
6.458807,5
6.474559,2
6.509246,3
6.523067,2
6.558764,4
6.57305,2
6.608456,2
6.622797,,
6.658655,0
6.673088,

6.708934,0
6.723368,.
6.759313,5
6.773036,2
6.809737,9
6.82339,0
6.860184,2
6.873235,3
6.910255,8
6.922966,,
6.960241,3
7.023759,

7.010594,0
7.073852,.
7.060837,5
7.124167,3
7.110465,5
7.174654,8
7.160816,2
7.224898,1
7.210517,2
7.275186,,
7.260259,9
7.324916,

7.309962,0
7.375371,.
7.360457,5
7.425704,4
7.410125,0
7.47565,6
7.459974,8
7.525368,9
7.510058,9
7.574977,,
7.559765,3
7.624815,

7.609524,0
7.674627,.
7.659388,5
7.72458,5
7.759289,1
7.774473,1
7.809809,6
7.824555,8
7.859974,6
7.874274,,
7.910167,,
7.924674,

7.960616,0
7.97451,.
8.010384,5
8.024626,5
8.060372,4
8.074876,2
8.11001,0
8.12484,6
8.159869,6
8.174636,,
8.209579,8
8.2251,

8.259512,0
8.275572,.
8.309637,5
8.375167,6
8.359547,1
8.425018,0
8.409412,8
8.474738,1
8.459263,,
8.524615,

8.508956,

8.574681,0
8.559234,.
8.624365,5
8.609508,6
8.674153,5
8.659277,4
8.724073,3
8.709159,3
8.773895,5
8.759264,,
8.823755,0
8.809631,

8.873754,0
8.86007,.
8.923663,5
8.910134,7
8.973684,1
8.960432,4
9.023485,0
9.010102,9
9.073357,9
9.05994,,
9.123806,.
9.109894,

9.173992,0
9.159826,.
9.22387,5
9.209685,7
9.273742,8
9.25983,2
9.323487,3
9.310131,1
9.373118,3
9.360163,,
9.422843,0
9.410081,

9.472549,0
9.459756,.
9.523926,5
9.510159,8
9.572773,3
9.5606,3
9.622742,7
9.610722,2
9.67291,1
9.660358,,
9.723213,3
9.710406,

9.772991,0
9.760536,.
9.822927,5
9.810342,9
9.872997,3
9.860255,8
9.922869,9
9.910246,0
9.973107,8
9.960339,,
10.02297,0
10.01031,

10.07319,0
10.06066,.
10.12314,5
10.11031,9
10.17299,7
10.16002,2
10.22263,0
10.2098,7
10.27296,3
10.26028,,
10.3232,9
10.30999,

10.37331,0
10.35987,.
10.42294,6
10.41034,0
10.47264,5
10.46,6
10.52238,6
10.50998,3
10.57217,9
10.60997,,
10.62212,4
10.65987,

10.672,0
10.70961,.
10.72178,6
10.7594,0
10.77179,6
10.8094,2
10.82186,0
10.85953,0
10.87183,8
10.95963,,
10.92204,1
11.01,

10.97171,0
11.06019,.
11.02188,6
11.10992,1
11.07232,9
11.15959,9
11.12211,9
11.20924,6
11.17176,5
11.25909,,
11.22154,7
11.30899,

11.2719,0
11.35876,.
11.32224,6
11.4087,1
11.37199,6
11.45837,3
11.42165,5
11.50823,8
11.47139,9
11.55797,,
11.52136,4
11.60773,

11.57105,0
11.65765,.
11.62148,6
11.7081,3
11.67149,4
11.79838,6
11.72178,0
11.84825,6
11.77197,6
11.89802,,
11.82236,,
11.94771,

11.87278,0
11.99767,.
11.92264,6
12.04809,2
11.97264,9
12.0979,0
12.02256,7
12.14772,5
12.07229,3
12.19789,,
12.12207,5
12.24801,

12.17256,0
12.29835,.
12.22248,6
12.34825,4
12.27275,8
12.39818,0
12.32324,8
12.44845,1
12.37367,2
12.49856,,
12.4741,

12.54818,

12.52437,0
12.59784,.
12.57416,6
12.64957,4
12.6246,2
12.69844,3
12.67489,9
12.74842,7
12.72475,9
12.7981,,
12.77476,0
12.84777,

12.82462,0
12.8977,.
12.87449,6
12.948,6
12.92403,0
12.99761,6
12.9742,8
13.04789,5
13.02421,,
13.0978,.
13.07408,

13.1477,0
13.12398,.
13.1974,6
13.17361,5
13.24781,2
13.22404,7
13.29822,5
13.27448,7
13.34847,9
13.37485,,
13.39889,0
13.42449,

13.44936,0
13.47453,.
13.49906,6
13.52494,7
13.54875,3
13.57481,8
13.59842,6
13.62475,6
13.64819,3
13.67507,,
13.69855,3
13.7753,

13.74845,0
13.82567,.
13.79807,6
13.87597,6
13.84769,4
13.92581,6
13.89747,8
13.9756,2
13.94768,8
14.02586,,
13.99755,6
14.07561,

14.04754,0
14.12527,.
14.09787,6
14.17574,8
14.14835,2
14.2255,7
14.19868,6
14.27565,4
14.24852,1
14.32549,,
14.29863,6
14.3752,

14.34905,0
14.47573,.
14.39934,6
14.52576,7
14.4496,9
14.57549,6
14.49924,0
14.62576,3
14.54954,3
14.67603,,
14.5994,8
14.77613,

14.64981,0
14.87586,.
14.70025,6
14.92602,9
14.75067,6
14.97605,1
14.8009,9
15.02591,7
14.85126,,
15.07578,7
14.90098,

15.1257,0
15.00132,.
15.17543,6
15.05098,9
15.22525,3
15.10063,2
15.27538,7
15.15076,8
15.32581,1
15.20087,,
15.37616,1
15.2512,

15.42636,0
15.30097,.
15.47658,7
15.35122,0
15.52697,9
15.401,5
15.57678,5
15.45073,0
15.62703,8
15.50037,,
15.67685,5
15.6003,

15.72734,0
15.65056,.
15.77731,7
15.70098,0
15.82754,5
15.75136,0
15.87763,2
15.80312,7
15.92782,5
15.85243,,
15.97784,,
15.95258,

16.02814,0
16.00275,.
16.07867,7
16.05305,2
16.12831,1
16.1027,7
16.17844,1
16.15302,9
16.22829,1
16.2029,,
16.27819,2
16.25322,

16.32841,0
16.30304,.
16.37814,7
16.3535,1
16.42781,8
16.40343,3
16.47794,4
16.45308,1
16.52836,8
16.50357,,
16.5787,

16.55325,

16.62861,0
16.6031,.
16.67836,7
16.65313,3
16.72814,2
16.70297,4
16.778,2
16.75329,1
16.8284,1
16.80326,,
16.87836,0
16.85289,

16.92855,0
16.90314,.
16.97875,7
16.95333,3
17.02859,3
17.00357,4
17.07902,3
17.05396,5
17.12926,2
17.10414,,
17.17931,.
17.15442,

17.22893,0
17.2042,.
17.27901,7
17.25414,4
17.32874,8
17.30449,6
17.37872,5
17.35487,1
17.42892,7
17.40526,,
17.52851,0
17.45523,

17.57845,0
17.50555,.
17.62847,7
17.55568,4
17.67879,7
17.60579,9
17.72907,6
17.65559,8
17.77921,2
17.70568,,
17.82958,4
17.75595,

17.87978,0
17.80582,.
17.92954,7
17.8562,5
17.97928,5
17.90662,6
18.02898,0
17.95686,9
18.12898,9
18.00694,,
18.1794,1
18.05733,

18.22905,0
18.10713,.
18.27867,7
18.15727,5
18.32913,8
18.20748,8
18.37947,3
18.25785,8
18.42977,7
18.30804,,
18.48013,5
18.35833,

18.5298,0
18.40865,.
18.58004,7
18.45894,6
18.63046,6
18.5094,0
18.68073,2
18.55981,0
18.73107,2
18.60959,,
18.78132,4
18.65953,

18.83163,0
18.70985,.
18.88212,7
18.7602,7
18.93223,2
18.86024,6
18.98263,3
18.91011,4
19.03226,5
18.95999,,
19.08189,3
19.00986,

19.13171,0
19.06014,.
19.18204,7
19.11037,7
19.23245,8
19.16058,6
19.28284,0
19.21058,7
19.33245,4
19.26083,,
19.38422,6
19.31045,

19.43275,0
19.36018,.
19.48259,7
19.41036,8
19.53242,5
19.46022,8
19.58247,8
19.51018,1
19.63221,7
19.56036,,
19.68184,,
19.61078,

19.7315,0
19.66068,.
19.78197,7
19.71038,9
19.83241,3
19.81124,8
19.88217,1
19.86142,7
19.93251,4
19.91135,,
19.98247,_
19.9614,

20.03221,0
20.01172,.
20.08236,7
20.06218,9
20.13197,9
20.11249,0
20.18195,2
20.16274,9
20.23167,6
20.26311,,
20.28211,

20.31341,

20.33197,0
20.36383,.
20.38227,8
20.41414,0
20.43269,5
20.46402,2
20.48294,2
20.51382,7
20.53267,6
20.56391,,
20.58303,0
20.61367,

20.63321,0
20.66337,.
20.68357,8
20.71374,1
20.7332,2
20.76407,2
20.78356,5
20.81403,8
20.83376,2
20.86374,,
20.8836,.
20.91342,

20.93402,0
20.96307,.
20.98452,8
21.0129,1
21.03481,8
21.06255,6
21.0846,2
21.11279,9
21.1344,1
21.16307,,
21.18456,0
21.21313,

21.2342,0
21.26322,.
21.28428,8
21.31326,2
21.33398,2
21.36339,2
21.38401,7
21.41376,0
21.43434,4
21.46414,,
21.48442,5
21.51441,

21.53489,0
21.56425,.
21.58455,8
21.61469,2
21.63493,8
21.66447,7
21.68478,3
21.71433,7
21.73499,3
21.76479,,
21.78535,0
21.81472,

21.83534,0
21.86461,.
21.88535,8
21.91509,3
21.93561,6
21.96526,5
21.98594,0
22.01548,3
22.03561,6
22.06555,,
22.08568,9
22.11559,

22.13581,0
22.16584,.
22.18564,8
22.21555,4
22.22771,0
22.26578,1
22.27766,9
22.31151,5
22.31939,3
22.36138,,
22.3699,4
22.41124,

22.41954,0
22.461,.
22.46952,8
22.51401,5
22.5199,3
22.56221,4
22.62039,9
22.61231,7
22.67058,1
22.66234,,
22.72051,7
22.71204,

22.77044,0
22.74772,.
22.82026,8
22.79784,5
22.87352,5
22.83811,1
22.92008,5
22.88818,7
23.01959,4
22.93847,,
23.06962,0
22.98882,

23.11919,0
23.03854,.
23.16941,8
23.08759,6
23.21979,4
23.13752,5
23.27015,5
23.18787,9
23.31992,2
23.23796,,
23.36952,2
23.28775,

23.41939,0
23.3381,.
23.46969,8
23.38862,6
23.52002,2
23.43865,0
23.56982,1
23.48905,7
23.61988,8
23.53911,,
23.67015,,
23.58922,

23.71994,0
23.63585,.
23.76097,8
23.68603,7
23.81081,4
23.73602,3
23.86101,3
23.78618,8
23.91082,,
23.83645,h
23.96115,

23.88612,0
24.01101,.
23.93649,8
24.06081,7
23.98683,8
24.11117,0
24.03676,0
24.16108,7
24.08698,,
24.21141,

24.13679,

24.26171,0
24.18712,.
24.31186,8
24.23745,9
24.36204,0
24.28772,2
24.41209,2
24.33803,7
24.46236,2
24.3884,,
24.5124,0
24.43841,

24.56266,0
24.48836,.
24.6128,8
24.58896,9
24.66309,0
24.63878,6
24.71274,2
24.6885,5
24.76241,7
24.73814,,
24.81221,.
24.78823,

24.86262,0
24.83829,.
24.91296,9
24.88869,0
24.96281,3
24.93862,0
25.01316,6
24.98847,8
25.06282,8
25.03823,,
25.11255,0
25.08869,

25.16238,0
25.13842,.
25.21273,9
25.18836,0
25.26262,2
25.23837,9
25.31276,3
25.28866,7
25.41281,9
25.3386,,
25.46246,5
25.38823,

25.51268,0
25.43855,.
25.56299,9
25.48832,1
25.61329,5
25.53808,7
25.66342,6
25.58803,6
25.76322,4
25.63795,,
25.8134,4
25.68829,

25.86374,0
25.73855,.
25.91371,9
25.78889,1
25.96381,4
25.84179,1
26.01379,9
25.89081,3
26.06413,7
25.94098,,
26.11452,6
25.99129,

26.16494,0
26.04131,.
26.21533,9
26.09147,2
26.26565,8
26.14144,2
26.31594,1
26.19151,6
26.36643,2
26.2418,,
26.41677,2
26.29187,

26.46711,0
26.34181,.
26.51627,9
26.39178,2
26.56658,6
26.44184,1
26.61684,6
26.49221,0
26.66706,2
26.59151,,
26.71747,8
26.64145,

26.76777,0
26.69118,.
26.81802,9
26.74153,4
26.86804,4
26.79198,0
26.91837,9
26.84179,9
26.96849,1
26.89227,,
27.01811,6
26.9427,

27.06799,0
26.99256,.
27.11766,9
27.09276,3
27.16759,8
27.14265,3
27.21736,5
27.19246,3
27.26778,4
27.24271,,
27.31804,4
27.29289,

27.36819,0
27.3427,.
27.41825,9
27.39303,5
27.46835,7
27.44345,2
27.51854,8
27.49362,2
27.56816,1
27.54369,,
27.61798,,
27.59397,

27.66805,0
27.64364,.
27.71784,9
27.69396,5
27.76802,0
27.74378,6
27.81772,1
27.77978,7
27.8501,8
27.80798,,
27.89594,u
27.85818,

27.94121,0
27.90291,.
27.98337,9
27.95254,7
28.0275,0
28.05324,1
28.07768,0
28.10291,2
28.12791,7
28.1531,,
28.1779,

28.20331,

28.22754,0
28.25328,.
28.2779,9
28.30332,6
28.32824,6
28.35357,4
28.37789,6
28.40335,3
28.42828,3
28.45378,,
28.47854,0
28.50418,

28.52861,0
28.55443,.
28.579,9
28.60397,8
28.62897,2
28.65448,8
28.6788,5
28.70444,4
28.72847,3
28.75444,,
28.77835,.
28.80477,

28.87845,0
28.8545,.
28.92847,9
28.90428,7
28.97862,7
28.9542,6
29.02886,2
29.00455,1
29.0792,7
29.05431,,
29.12908,0
29.10407,

29.17949,0
29.15382,.
29.22941,9
29.20267,9
29.32691,5
29.25301,6
29.37675,1
29.30461,0
29.41067,2
29.35381,,
29.50088,6
29.40419,

29.55088,0
29.45417,.
29.60062,9
29.50416,9
29.65034,1
29.55443,5
29.70028,8
29.60439,7
29.75025,8
29.65406,,
29.80075,5
29.70446,

29.85062,1
29.7541,.
29.90095,0
29.80394,0
29.95141,8
29.85367,6
30.00113,9
29.90338,6
30.05135,,
29.95351,7
30.10065,

30.00315,1
30.15041,.
30.05335,0
30.20048,0
30.10366,0
30.25038,9
30.15345,8
30.30005,3
30.20315,,
30.35046,5
30.25301,

30.40016,1
30.30315,.
30.44997,0
30.3534,2
30.4997,2
30.4038,4
30.55018,3
30.45342,5
30.60054,,
30.50361,7
30.65059,

30.55407,1
30.70026,.
30.60399,0
30.75006,1
30.65447,6
30.7999,0
30.70412,8
30.84959,1
30.75464,,
30.8997,3
30.80477,

30.94944,1
30.85461,.
30.99944,0
30.90458,3
31.04946,6
30.95487,2
31.09919,2
31.00504,2
31.14946,,
31.05521,2
31.19991,

31.09005,1
31.24981,.
31.14012,0
31.27908,2
31.18997,6
31.32883,7
31.23999,3
31.35851,1
31.28976,,
31.40875,,
31.34011,

31.45856,1
31.39037,.
31.50885,0
31.44011,5
31.55922,1
31.4902,8
31.60955,3
31.53987,,
31.65983,m
31.59023,

31.70962,1
31.6399,.
31.7599,0
31.68955,3
31.81025,8
31.78999,5
31.86018,5
31.8397,7
31.91055,,
31.88945,

31.96051,

31.93986,1
32.01043,.
31.98955,0
32.06071,6
32.09002,0
32.11084,6
32.13975,3
32.16095,4
32.18988,,
32.21109,0
32.24011,

32.2613,1
32.28975,.
32.31134,0
32.34011,5
32.36101,5
32.39008,3
32.41089,9
32.44017,,
32.46122,.
32.49065,

32.51169,1
32.54102,.
32.56181,0
32.59127,7
32.6123,6
32.64098,8
32.66262,6
32.69111,5
32.713,,
32.74096,0
32.76323,

32.79066,1
32.81316,.
32.84104,0
32.86334,7
32.8911,0
32.91316,5
32.94073,8
32.96321,4
32.99089,,
33.06326,6
33.04097,

33.11295,1
33.09107,.
33.16282,0
33.14144,8
33.21282,5
33.19173,5
33.2627,,
33.24149,9
33.31249,

33.29189,1
33.36202,.
33.34161,0
33.41182,8
33.38972,4
33.46145,7
33.43833,3
33.50625,8
33.48862,,
33.55585,5
33.53839,

33.60596,1
33.58803,.
33.65552,0
33.63822,9
33.70542,7
33.68847,5
33.75567,6
33.73833,2
33.80568,,
33.78829,0
33.85535,

33.83836,1
33.905,.
33.88814,0
33.95533,9
33.93779,7
34.00567,8
33.98753,1
34.10561,2
34.03781,,
34.15605,1
34.08772,

34.20634,1
34.13775,.
34.25632,1
34.18792,1
34.30647,1
34.23792,5
34.3564,2
34.28758,,
34.40606,0
34.33752,

34.45573,1
34.38713,.
34.50559,1
34.43752,0
34.60624,9
34.48795,9
34.65652,4
34.5376,8
34.70647,,
34.58781,7
34.75692,

34.63774,1
34.80666,.
34.68813,1
34.857,2
34.73819,3
34.90666,6
34.7883,3
34.95657,2
34.83832,,
35.00626,,
34.8882,

35.05631,1
34.93813,.
35.1062,1
34.988,2
35.15586,3
35.03767,5
35.20586,8
35.0881,9
35.25571,,
35.13778,a
35.30571,

35.18794,1
35.35585,.
35.23799,1
35.40625,4
35.28819,1
35.45625,6
35.33813,9
35.50363,4
35.3886,,
35.55361,

35.43846,

35.60322,1
35.48812,.
35.6531,1
35.53853,3
35.7028,8
35.5884,1
35.75255,5
35.63823,7
35.80252,,
35.6879,0
35.85278,

35.7381,1
35.90251,.
35.78823,1
35.95296,5
35.83785,5
36.00267,7
35.93742,8
36.05268,8
35.98717,,
36.10288,.
36.03679,

36.15265,1
36.08656,.
36.20258,1
36.13644,5
36.2529,0
36.18623,9
36.3027,5
36.23657,7
36.35244,,
36.28689,0
36.40223,

36.3367,1
36.45261,.
36.38692,1
36.50277,7
36.43697,1
36.55326,9
36.48668,9
36.60284,6
36.53668,,
36.65296,7
36.58668,

36.70327,1
36.6369,.
36.75309,1
36.73755,6
36.80321,5
36.78798,5
36.85315,2
36.83771,7
36.90349,,
36.8876,7
36.95393,

36.93734,1
37.00412,.
36.98724,1
37.05388,8
37.03688,5
37.10362,0
37.08707,9
37.15326,8
37.13668,,
37.20287,6
37.18682,

37.25266,1
37.23671,.
37.30268,1
37.28697,8
37.35259,0
37.33696,6
37.40261,2
37.38693,3
37.45259,,
37.43686,8
37.50289,

37.48666,1
37.55268,.
37.53701,1
37.60248,9
37.58736,8
37.65232,5
37.637,9
37.70235,5
37.68662,,
37.75232,8
37.73701,

37.80244,1
37.78695,.
37.85225,1
37.83733,9
37.90268,3
37.88782,0
37.95252,1
37.93773,7
38.00295,,
37.98791,1
38.05294,

38.03795,1
38.10285,.
38.08841,2
38.15314,0
38.13884,7
38.20332,3
38.18916,8
38.25301,5
38.2392,,
38.30284,4
38.28952,

38.35314,1
38.33975,.
38.40294,2
38.38953,0
38.45257,1
38.43938,6
38.50219,8
38.48973,9
38.55206,,
38.53935,,
38.60072,

38.58367,1
38.65106,.
38.63378,2
38.70066,2
38.68094,2
38.75031,0
38.73068,3
38.80073,2
38.78108,,
38.84726,n
38.83119,

38.89745,1
38.86926,.
38.97224,2
38.91459,1
39.00357,5
38.95185,6
39.02155,7
38.99205,2
39.08764,,
39.03025,

39.11584,

39.06718,1
39.15222,.
39.10917,2
39.19246,3
39.13836,5
39.22391,2
39.18272,2
39.26015,1
39.23187,,
39.31042,0
39.28219,

39.36053,1
39.33218,.
39.41031,2
39.38092,2
39.45996,5
39.41413,8
39.49562,5
39.46452,5
39.54546,,
39.51456,.
39.59592,

39.5648,1
39.6463,.
39.61484,2
39.69672,4
39.665,9
39.74649,3
39.7146,2
39.79645,1
39.76446,,
39.84657,0
39.81485,

39.89679,1
39.86471,.
39.94716,2
39.91464,3
39.99756,7
39.96476,0
40.04723,1
40.0146,1
40.14816,,
40.06472,8
40.19815,

40.11465,1
40.24811,.
40.16476,2
40.29823,6
40.21452,0
40.34835,2
40.26476,2
40.39835,9
40.31435,,
40.44815,4
40.36431,

40.49806,1
40.41428,.
40.54801,2
40.4645,4
40.59771,9
40.51496,1
40.64139,5
40.56509,4
40.69151,,
40.61443,1
40.74162,

40.6642,1
40.79159,.
40.7145,2
40.84175,7
40.7645,3
40.89183,1
40.81418,1
40.94229,6
40.91444,,
40.99207,7
40.9643,

41.04173,1
41.01416,.
41.0914,2
41.06384,5
41.14122,8
41.11361,9
41.19123,8
41.16384,5
41.24106,,
41.21356,3
41.29123,

41.2639,1
41.34135,.
41.31401,2
41.39102,8
41.3645,2
41.44088,1
41.41416,2
41.49121,9
41.4641,,
41.54125,8
41.51381,

41.59146,1
41.56417,.
41.64147,2
41.61412,6
41.69145,7
41.66457,8
41.7416,0
41.71454,2
41.79202,,
41.76442,1
41.84226,

41.81479,1
41.89252,.
41.86442,2
41.94287,9
41.91486,6
41.99252,1
41.96449,3
42.04293,6
42.01413,,
42.09328,,
42.06389,

42.14298,1
42.11368,.
42.19281,2
42.16393,8
42.24247,0
42.21399,1
42.2922,4
42.26399,4
42.34245,,
42.31399,_
42.39234,

42.36361,1
42.44267,.
42.41344,3
42.48901,0
42.46355,8
42.53928,4
42.51508,9
42.58894,7
42.56401,,
42.63893,

42.61422,

42.68863,1
42.66364,.
42.73858,2
42.69986,8
42.78827,8
42.75018,8
42.83817,6
42.80005,6
42.88796,,
42.84991,0
42.93762,

42.90001,1
42.98759,.
42.94981,3
43.0379,1
42.99958,8
43.08806,5
43.0499,9
43.13851,,
43.09961,.
43.18844,

43.14927,1
43.23837,.
43.1992,3
43.28826,0
43.249,0
43.33808,8
43.29865,8
43.38783,7
43.34847,,
43.43859,0
43.39885,

43.48819,1
43.44906,.
43.53826,3
43.49936,2
43.58806,7
43.54919,9
43.63776,6
43.59929,3
43.68743,,
43.64912,8
43.73783,

43.69939,1
43.78759,.
43.74966,3
43.83798,0
43.7995,9
43.88838,5
43.84957,9
43.93871,7
43.89936,,
43.98885,9
43.94611,

44.03864,1
43.99622,.
44.13857,3
44.04642,3
44.1889,9
44.09651,6
44.23903,8
44.14691,8
44.28909,,
44.19675,2
44.33896,

44.24712,1
44.38934,.
44.29731,3
44.4391,2
44.34719,0
44.48921,4
44.39764,8
44.53887,6
44.44781,,
44.58904,2
44.49831,

44.63949,1
44.54844,.
44.6896,3
44.59807,4
44.73948,8
44.64643,3
44.78949,5
44.6961,6
44.83952,,
44.74645,7
44.88939,

44.79631,1
44.93943,.
44.84661,3
44.98936,2
44.89634,9
45.03973,6
44.94671,2
45.09008,,
44.99677,4
45.13974,

45.0465,1
45.19023,.
45.0961,3
45.24062,5
45.14617,7
45.29107,0
45.1965,2
45.34106,9
45.24661,,
45.39096,6
45.29659,

45.44076,1
45.34679,.
45.49076,3
45.39675,3
45.54042,8
45.44667,2
45.59022,8
45.49629,5
45.63995,,
45.54615,,
45.69021,

45.5966,1
45.73999,.
45.64703,3
45.79022,6
45.69709,8
45.84039,0
45.74687,9
45.89064,3
45.79726,,
45.94098,9
45.84702,

45.99062,1
45.89735,.
46.04053,3
45.94813,4
46.09071,5
45.99796,0
46.14044,4
46.04792,3
46.19031,,
46.09792,

46.24035,

46.14833,1
46.29051,.
46.19799,3
46.3402,8
46.29755,2
46.39011,2
46.34745,8
46.43987,7
46.39738,,
46.48973,0
46.44706,

46.53966,1
46.49688,.
46.59,3
46.54687,5
46.64024,1
46.59705,6
46.69044,7
46.64734,5
46.74043,,
46.69765,.
46.79061,

46.7473,1
46.84083,.
46.79694,3
46.89116,9
46.8466,4
46.94127,7
46.89647,4
46.99173,9
46.94673,,
47.04144,0
46.99661,

47.09125,1
47.04678,.
47.14136,3
47.09704,6
47.19164,3
47.14692,7
47.24205,1
47.19659,8
47.29184,,
47.24703,9
47.34219,

47.29734,1
47.39226,.
47.34767,4
47.44197,0
47.39734,3
47.4917,4
47.44764,4
47.54163,6
47.49747,,
47.59137,7
47.54763,

47.64178,1
47.59809,.
47.69212,3
47.64772,7
47.79196,0
47.6977,3
47.84235,1
47.74759,8
47.89207,,
47.79739,8
47.94196,

47.8477,1
47.99235,.
47.89772,4
48.04205,1
47.94744,4
48.09251,6
47.9978,2
48.14251,7
48.04759,,
48.19292,3
48.09753,

48.24269,1
48.14759,.
48.29278,3
48.24732,8
48.34251,0
48.29719,8
48.39271,8
48.34755,5
48.44264,,
48.39752,1
48.49237,

48.44723,1
48.54231,.
48.49725,4
48.59237,2
48.54692,4
48.64228,1
48.59705,1
48.69204,7
48.64732,,
48.74168,8
48.69749,

48.79137,1
48.74762,.
48.84108,3
48.79755,9
48.8909,1
48.84736,5
48.94135,5
48.89725,4
48.99167,,
48.94702,9
49.0417,

48.99771,1
49.09148,.
49.04776,4
49.14128,3
49.09784,4
49.19156,7
49.14753,9
49.24129,6
49.19781,,
49.29173,,
49.24802,

49.34162,1
49.29826,.
49.39149,4
49.34827,0
49.44193,0
49.398,6
49.49154,4
49.44816,5
49.54201,,
49.49783,0
49.59241,

49.54817,1
49.64273,.
49.59843,4
49.69305,4
49.64833,4
49.74291,7
49.69861,2
49.79282,9
49.74822,,
49.84315,

49.79865,

49.89302,1
49.84861,.
49.94342,4
49.89903,1
49.99327,3
49.9488,7
50.04324,5
49.99912,3
50.09367,,
50.04947,0
50.14374,

50.09981,1
50.1938,.
50.14944,4
50.24377,5
50.19974,3
50.29426,4
50.25012,2
50.3444,6
50.30001,,
50.39427,.
50.35013,

50.44413,1
50.40029,.
50.49451,4
50.4502,2
50.5442,0
50.50062,5
50.59405,4
50.55032,5
50.64407,,
50.6,1
50.69399,

50.65032,1
50.74406,.
50.70071,4
50.79387,6
50.75042,5
50.84386,6
50.80067,2
50.89426,6
50.85114,,
50.94446,0
50.9016,

50.99425,1
50.9514,.
51.04391,4
51.00117,2
51.09436,9
51.05084,1
51.1441,9
51.10097,2
51.19382,,
51.15106,0
51.24345,

51.20146,1
51.29349,.
51.25184,4
51.34342,7
51.30173,4
51.39378,3
51.35153,4
51.44371,3
51.40189,,
51.49352,6
51.45158,

51.54343,1
51.50193,.
51.64325,4
51.55187,3
51.69338,7
51.60187,8
51.74359,1
51.65219,9
51.79381,,
51.70237,3
51.84416,

51.75272,1
51.89451,.
51.80257,4
51.94414,8
51.85289,5
51.99441,9
51.90257,9
52.04455,7
51.95239,,
52.09476,7
52.00225,

52.14517,1
52.05202,.
52.1949,4
52.10192,4
52.24521,9
52.15239,2
52.29508,0
52.20229,1
52.3455,,
52.25251,6
52.39524,

52.30199,1
52.4456,.
52.35224,4
52.49567,9
52.40236,4
52.54587,7
52.45264,8
52.59616,8
52.50272,,
52.64583,,
52.55249,

52.69614,1
52.60283,.
52.7466,4
52.65331,5
52.79695,5
52.70298,8
52.84687,3
52.75336,7
52.89667,,
52.80368,m
52.94664,

52.85397,1
52.9969,.
52.90364,5
53.04688,0
53.00348,4
53.09682,0
53.05325,9
53.1467,2
53.10361,,
53.19667,

53.15356,

53.24653,1
53.20354,.
53.29636,4
53.25338,6
53.34649,7
53.30363,4
53.3964,8
53.4035,5
53.44643,,
53.45348,0
53.49647,

53.50342,1
53.54649,.
53.5538,5
53.59665,1
53.6042,3
53.64632,9
53.65439,5
53.69618,2
53.70414,,
53.74625,.
53.75383,

53.7964,1
53.80427,.
53.84662,4
53.85439,7
53.89628,8
53.90426,5
53.94635,5
53.95443,1
53.99678,,
54.00448,1
54.04711,

54.05463,1
54.09689,.
54.1044,5
54.14665,2
54.1544,2
54.19646,8
54.20481,4
54.24607,6
54.25462,,
54.29574,0
54.30492,

54.34546,1
54.35472,.
54.39521,4
54.40452,8
54.44519,7
54.45436,6
54.4951,1
54.5046,2
54.54497,,
54.55466,4
54.59537,

54.60514,1
54.64564,.
54.65489,5
54.69574,2
54.70502,9
54.7456,6
54.75472,0
54.79586,2
54.80466,,
54.8457,6
54.85482,

54.89557,1
54.90501,.
54.99593,4
54.95519,9
55.04634,6
55.0053,2
55.0961,8
55.05568,4
55.14655,,
55.10543,2
55.1969,

55.15533,1
55.24666,.
55.20534,5
55.29633,3
55.25544,8
55.34613,3
55.30521,4
55.39597,4
55.35534,,
55.44572,5
55.40565,

55.49559,1
55.45511,.
55.54531,5
55.50511,0
55.59502,5
55.55454,9
55.64469,4
55.60444,4
55.69486,,
55.65464,4
55.74449,

55.7043,1
55.79422,.
55.754,5
55.84458,4
55.80371,8
55.89497,2
55.85402,6
55.94536,2
55.90376,,
56.04595,,
55.95365,

56.14661,1
56.00409,.
56.19728,5
56.05382,1
56.24771,4
56.09782,6
56.28807,1
56.14804,5
56.33805,,
56.19802,i
56.38756,

56.24797,1
56.43731,.
56.29806,5
56.48749,5
56.34776,7
56.53754,0
56.39738,2
56.58751,6
56.44783,,
56.63757,

56.49772,

56.68801,1
56.54779,.
56.73828,5
56.59809,2
56.78815,3
56.64828,7
56.8386,1
56.69852,7
56.88831,,
56.74874,0
56.9383,

56.84948,1
56.9887,.
56.89988,5
57.03893,6
56.9501,5
57.08897,6
57.00035,7
57.1391,8
57.05037,,
57.18886,.
57.10056,

57.23935,1
57.15043,.
57.28954,5
57.20074,3
57.33989,4
57.25094,3
57.39027,3
57.35104,3
57.4399,,
57.40076,1
57.49028,

57.50103,1
57.53996,.
57.5513,5
57.59023,7
57.6016,4
57.64015,3
57.65128,2
57.69,4
57.7015,,
57.73967,1
57.75177,

57.78947,1
57.80196,.
57.83918,5
57.85223,4
57.88949,7
57.90243,1
57.93987,1
57.95266,,
57.98958,3
58.00247,

58.03974,1
58.05213,.
58.09007,5
58.10253,8
58.14048,2
58.1529,8
58.19034,9
58.20252,2
58.24001,,
58.25245,8
58.28973,

58.3026,1
58.34015,.
58.35261,5
58.39019,5
58.40266,6
58.44005,2
58.45246,0
58.49001,6
58.5024,,
58.53998,4
58.55204,

58.59041,1
58.60194,.
58.64078,5
58.65379,9
58.69074,2
58.7026,6
58.74084,8
58.75255,3
58.79123,,
58.80251,9
58.84084,

58.85195,1
58.89127,.
58.90195,5
58.9414,6
58.95228,7
58.99165,2
59.00267,7
59.04197,6
59.05293,,
59.09204,6
59.10268,

59.14178,1
59.15241,.
59.19227,5
59.20212,9
59.24271,9
59.25204,4
59.29278,6
59.30166,9
59.3428,,
59.35208,,
59.39317,

59.40178,1
59.44336,.
59.45179,5
59.49397,7
59.50154,5
59.54413,9
59.55191,3
59.59439,4
59.60173,,
59.69383,n
59.65217,

59.74351,1
59.70217,.
59.79389,6
59.75244,1
59.84363,1
59.80277,3
59.89325,2
59.85326,3
59.94308,,
59.90357,

59.99283,

59.95338,1
60.04303,.
60.00305,5
60.09265,8
60.05336,2
60.14298,6
60.10363,8
60.19336,2
60.15399,,
60.24362,0
60.20377,

60.29395,1
60.25343,.
60.39358,6
60.30315,2
60.44384,0
60.35299,1
60.49351,8
60.40264,7
60.54331,,
60.45228,.
60.59308,

60.50243,1
60.64351,.
60.55214,5
60.6933,9
60.60251,1
60.74377,3
60.6525,4
60.7941,8
60.70216,,
60.84455,1
60.75191,

60.89417,1
60.80165,.
60.94443,6
60.8513,2
60.99488,9
60.90137,0
61.0453,5
60.95155,6
61.09548,,
61.00123,1
61.1453,

61.05084,1
61.19573,.
61.10063,5
61.24547,9
61.15095,8
61.29512,1
61.20084,1
61.34556,1
61.25121,,
61.39596,9
61.30116,

61.44583,1
61.35089,.
61.49548,6
61.40128,4
61.54542,1
61.45102,4
61.59515,7
61.50064,8
61.6452,,
61.6002,4
61.69489,

61.6506,1
61.74508,.
61.70054,6
61.79506,0
61.7509,7
61.8448,2
61.80062,1
61.89481,5
61.8506,,
61.94518,0
61.90054,

61.99545,1
61.95082,.
62.0452,6
62.00093,5
62.09494,0
62.05043,6
62.14533,0
62.10067,1
62.19504,,
62.1504,8
62.24533,

62.20022,1
62.29515,.
62.25007,6
62.34547,1
62.29989,8
62.39585,1
62.3498,1
62.44574,1
62.3998,,
62.49601,4
62.44965,

62.54568,1
62.49933,.
62.5953,6
62.54912,6
62.6457,1
62.59892,8
62.69571,9
62.64858,,
62.74606,,
62.69869,

62.79638,1
62.74906,.
62.84618,6
62.79957,2
62.8964,9
62.84986,7
62.94647,7
62.90015,7
62.99632,,
62.95054,_
63.04631,

63.00086,1
63.09593,.
63.05112,6
63.14557,6
63.1014,8
63.196,4
63.15148,9
63.24566,,
63.20119,

63.2961,

63.25146,1
63.34617,.
63.3011,6
63.39658,3
63.35077,8
63.44696,4
63.4006,3
63.49738,3
63.4503,,
63.54746,0
63.50013,

63.59736,1
63.54998,.
63.64728,6
63.60012,7
63.69711,8
63.64977,8
63.74745,5
63.69951,5
63.79718,,
63.74976,.
63.8471,

63.80003,1
63.89678,.
63.85032,6
63.93016,4
63.8846,7
63.96885,1
63.93499,4
64.01857,8
63.98286,,
64.06491,1
64.03257,

64.11516,1
64.08299,.
64.16544,6
64.1328,8
64.2151,9
64.18243,4
64.26491,8
64.23232,1
64.31463,,
64.28216,2
64.36494,

64.33243,1
64.4153,.
64.38239,6
64.46529,5
64.43266,7
64.51537,9
64.48232,8
64.5653,2
64.53222,,
64.61578,1
64.58238,

64.66576,1
64.63205,.
64.71608,7
64.68208,0
64.7662,0
64.73187,0
64.81609,5
64.7779,2
64.85656,,
64.82132,4
64.90664,

64.86328,1
64.95703,.
64.96339,6
65.0069,6
65.01365,4
65.05733,5
65.06363,4
65.10722,6
65.11408,,
65.15707,9
65.16448,

65.2067,1
65.21471,.
65.25697,7
65.26495,1
65.30721,1
65.31529,2
65.35741,1
65.36591,2
65.40768,,
65.41618,5
65.45782,

65.46616,1
65.50773,.
65.51655,6
65.55735,7
65.56622,1
65.6077,3
65.6165,4
65.65746,2
65.66623,,
65.70782,6
65.76568,

65.75773,1
65.81546,.
65.80747,7
65.86568,2
65.85789,0
65.91573,0
65.90819,8
66.06639,9
65.95839,,
66.11626,,
66.00845,

66.16608,1
66.05832,.
66.21572,6
66.10829,8
66.26585,3
66.15831,5
66.31595,0
66.20847,6
66.36586,,
66.25829,h
66.41553,

66.30933,1
66.46547,.
66.35812,7
66.5152,2
66.40849,8
66.56505,7
66.45827,4
66.61547,5
66.50867,,
66.66518,

66.5584,

66.71501,1
66.60833,.
66.76494,6
66.65807,9
66.81495,0
66.70804,1
66.86469,0
66.75839,2
66.91482,,
66.80837,0
67.01462,

66.85837,1
67.0644,.
66.90854,7
67.11479,3
66.9584,7
67.16447,4
67.00866,2
67.21424,2
67.05846,,
67.264,.
67.10847,

67.31378,1
67.15813,.
67.36359,6
67.20858,9
67.4132,6
67.25847,6
67.46319,8
67.30853,2
67.51297,,
67.35816,1
67.56332,

67.4015,1
67.61372,.
67.45171,7
67.6635,4
67.50164,4
67.7137,1
67.55177,9
67.76405,2
67.60225,,
67.81409,3
67.65191,

67.86452,1
67.70166,.
67.91447,7
67.75129,0
68.01503,7
67.80097,7
68.06479,1
67.85123,1
68.11516,,
67.90092,1
68.16543,

67.95081,1
68.21587,.
68.00059,7
68.26559,5
68.0503,6
68.3153,0
68.10065,4
68.36575,5
68.15068,,
68.41536,8
68.20063,

68.46516,1
68.25052,.
68.51484,7
68.30015,1
68.56452,6
68.35018,3
68.61497,7
68.40016,4
68.66495,,
68.45007,0
68.71471,

68.50014,1
68.81488,.
68.5501,7
68.86523,6
68.59977,6
68.91558,2
68.64971,8
68.96621,7
68.69945,,
69.01595,3
68.74915,

69.06609,1
68.79909,.
69.11562,7
68.84911,2
69.16534,2
68.89909,9
69.21516,4
68.94921,8
69.26517,,
68.99895,7
69.31517,

69.04875,1
69.36502,.
69.09908,7
69.4149,7
69.14874,3
69.46455,0
69.19914,8
69.51474,6
69.24911,,
69.56487,,
69.29955,

69.61447,1
69.34966,.
69.66413,7
69.39993,2
69.71463,9
69.44968,5
69.76429,3
69.4994,1
69.81428,,
69.54901,r
69.86428,

69.5987,1
69.91429,.
69.65095,7
69.96457,8
69.69889,6
70.01477,3
69.74889,3
70.21443,3
69.7994,,
70.26487,

69.84913,

70.31488,1
69.89922,.
70.36472,7
69.94885,3
70.40626,6
69.99851,1
70.45612,2
70.04826,7
70.50587,,
70.09809,0
70.55588,

70.14804,1
70.60576,.
70.19849,7
70.65622,9
70.24815,5
70.70602,6
70.29806,6
70.75568,8
70.34769,,
70.80601,.
70.39802,

70.83372,1
70.44805,.
70.88358,7
70.498,4
70.92992,4
70.54805,7
70.97994,7
70.59771,,
71.02992,1
70.6478,

71.07958,1
70.69731,.
71.12854,8
70.7292,0
71.17865,4
70.7772,3
71.22907,0
70.82733,5
71.2795,,
70.87768,3
71.32213,

70.92779,1
71.37224,.
70.97771,7
71.42259,5
71.02803,3
71.47308,4
71.07786,5
71.52306,7
71.12753,,
71.57271,5
71.17719,

71.62247,1
71.22766,.
71.67224,8
71.27783,1
71.72211,1
71.32757,0
71.77204,6
71.37778,8
71.82236,,
71.4279,1
71.87267,

71.52863,1
71.92226,.
71.57897,7
71.97266,6
71.62889,0
72.02297,2
71.67897,0
72.07267,7
71.72906,,
72.12238,7
71.77903,

72.17217,1
71.82892,.
72.22196,8
71.87875,1
72.27173,9
71.92858,7
72.32156,2
71.97836,2
72.37135,,
72.02856,2
72.42132,

72.07898,1
72.4711,.
72.12888,7
72.52272,6
72.17859,8
72.57176,9
72.22878,1
72.62202,1
72.27909,,
72.67204,2
72.32915,

72.72144,1
72.37924,.
72.77111,8
72.42942,2
72.82088,8
72.47961,5
72.87051,4
72.52924,9
72.92088,,
72.57895,,
72.97124,

72.62917,1
73.0217,.
72.67888,7
73.07207,7
72.72874,8
73.12231,5
72.77849,7
73.17269,3
72.87846,,
73.2223,M
72.92876,

73.27274,1
72.97844,.
73.32241,8
73.02881,3
73.37204,7
73.07917,2
73.42238,1
73.12942,2
73.47221,,
73.18004,

73.52197,

73.23031,1
73.57224,.
73.28033,7
73.62257,8
73.33016,5
73.67228,3
73.37975,8
73.7225,2
73.42993,,
73.77269,0
73.47961,

73.82284,1
73.5295,.
73.87327,8
73.57916,4
73.92297,5
73.62947,8
73.97276,7
73.6792,5
74.0227,,
73.72902,.
74.07263,

73.77901,1
74.12302,.
73.82866,7
74.17336,9
73.87869,7
74.22373,5
73.9284,3
74.27414,3
73.97829,,
74.32382,1
74.02805,

74.37406,1
74.07788,.
74.42383,8
74.12781,5
74.47368,2
74.17757,6
74.52346,1
74.22725,1
74.57395,,
74.27766,4
74.6244,

74.32805,1
74.67419,.
74.3784,8
74.72408,0
74.42876,9
74.77441,9
74.47839,1
74.82468,2
74.52828,,
74.87479,5
74.57785,

74.92519,1
74.6283,.
74.97557,8
74.67833,5
75.02599,9
74.72874,6
75.07619,0
74.77844,7
75.12662,,
74.8282,2
75.17628,

74.87865,1
75.22625,.
74.92833,8
75.27598,1
74.97874,8
75.32572,5
75.02867,7
75.37553,,
75.07861,3
75.4259,

75.12887,1
75.47585,.
75.2289,8
75.52579,7
75.2788,0
75.57571,8
75.32844,5
75.62538,2
75.37879,,
75.67501,2
75.42923,

75.72546,1
75.47889,.
75.77579,8
75.5292,2
75.82745,7
75.57883,7
75.87601,0
75.62872,8
75.92579,,
75.67905,7
75.97567,

75.72893,1
76.02587,.
75.77866,8
76.07566,8
75.82837,0
76.12594,0
75.92806,4
76.17624,6
75.97775,,
76.22612,,
76.02776,

76.27592,1
76.07771,.
76.32565,8
76.1275,3
76.37593,7
76.17751,2
76.41709,7
76.22761,6
76.46705,,
76.27798,S
76.51746,

76.32832,1
76.56744,.
76.42796,8
76.6171,9
76.47765,0
76.66699,4
76.52758,8
76.71666,7
76.57749,,
76.76632,

76.62762,

76.81625,1
76.67751,.
76.8661,8
76.72738,4
76.91609,6
76.77738,0
76.96627,4
76.82715,5
77.01591,,
76.87677,0
77.0658,

76.92695,1
77.11584,.
76.97704,8
77.16628,9
77.02715,7
77.21604,2
77.07714,6
77.26604,6
77.12709,,
77.31611,.
77.17695,

77.36622,1
77.22682,.
77.41627,8
77.27694,5
77.46643,7
77.32688,4
77.51623,5
77.37662,3
77.56604,,
77.42683,1
77.61591,

77.47652,1
77.66614,.
77.52656,9
77.716,0
77.57628,6
77.76574,8
77.62601,5
77.81613,3
77.7258,,
77.86582,4
77.776,

77.91577,1
77.7999,.
77.9595,8
77.85005,6
78.00944,6
77.90031,0
78.0591,3
77.95021,,
78.10915,8
78.0002,

78.15909,1
78.05013,.
78.20901,9
78.09989,1
78.25873,3
78.1502,6
78.3087,1
78.19991,,
78.3584,1
78.24986,

78.4085,1
78.29955,.
78.45853,8
78.34958,7
78.50821,4
78.39973,8
78.55794,0
78.44997,2
78.60787,,
78.49985,1
78.65792,

78.55028,1
78.70779,.
78.60004,9
78.7578,2
78.65038,2
78.80789,5
78.70025,5
78.85983,3
78.75028,,
78.90822,5
78.80053,

78.95853,1
78.85053,.
79.00866,8
78.90052,8
79.05875,1
79.00024,5
79.10878,4
79.05041,4
79.15874,,
79.1006,9
79.20858,

79.1503,1
79.25851,.
79.2008,9
79.3084,3
79.2506,1
79.3584,3
79.30029,2
79.40858,8
79.35024,,
79.4582,,
79.40103,

79.50857,1
79.45074,.
79.55879,8
79.50023,9
79.60913,0
79.54771,3
79.70871,2
79.59739,5
79.75883,,
79.64744,2
79.80871,

79.69765,1
79.85867,.
79.7478,9
79.90863,4
79.79812,0
79.9588,9
79.84813,9
80.00851,6
79.89789,,
80.05894,

79.99765,

80.10885,1
80.04749,.
80.15929,9
80.09763,0
80.20902,1
80.14742,2
80.25883,7
80.19739,6
80.30919,,
80.24744,0
80.35911,

80.29723,1
80.40905,.
80.34697,9
80.45866,4
80.39697,9
80.50858,7
80.44678,9
80.55856,6
80.49664,,
80.60844,.
80.54688,

80.65836,1
80.5973,.
80.70829,9
80.64722,0
80.7583,8
80.69717,0
80.80845,3
80.74709,7
80.85859,,
80.79722,1
80.90822,

80.84716,1
80.95871,.
80.89703,9
81.00865,5
80.94717,6
81.05844,5
80.9968,7
81.10836,7
81.04691,,
81.15819,5
81.0966,

81.20847,1
81.14631,.
81.24763,9
81.19615,1
81.29755,6
81.24622,7
81.34728,3
81.29644,5
81.39722,,
81.34646,6
81.44727,

81.3963,1
81.49744,.
81.44589,9
81.54742,6
81.49567,5
81.59778,4
81.54543,8
81.64817,5
81.59541,,
81.69831,5
81.64546,

81.74814,1
81.69588,.
81.79834,9
81.74633,2
81.84867,8
81.79595,4
81.89904,0
81.84595,9
81.94823,,
81.89581,6
81.9983,

81.94598,1
82.04852,.
81.99648,9
82.09854,7
82.04639,4
82.14849,2
82.09626,1
82.19893,,
82.14587,4
82.24936,

82.19572,1
82.29925,.
82.24567,9
82.34913,4
82.29546,0
82.39896,0
82.34695,0
82.44875,9
82.39589,,
82.49873,,
82.44629,

82.54849,1
82.49586,.
82.59892,9
82.54552,8
82.64861,0
82.59534,9
82.69907,5
82.64559,1
82.74886,,
82.69531,,
82.79872,

82.74527,1
82.84886,.
82.79568,9
82.89925,4
82.84555,6
82.94927,7
82.89547,7
82.99928,,
82.94527,

83.04932,

82.99519,1
83.09918,.
83.04527,9
83.14954,8
83.09505,9
83.19981,6
83.1447,4
83.2496,6
83.19437,,
83.29933,0
83.24466,

83.34927,1
83.29433,.
83.39964,9
83.34431,5
83.4494,5
83.39446,7
83.49984,8
83.44471,6
83.54948,,
83.49454,.
83.59945,

83.54497,1
83.6492,.
83.59497,9
83.69886,9
83.64491,8
83.7489,3
83.69465,9
83.79885,9
83.74426,,
83.84887,1
83.79464,

83.89877,1
83.84437,.
83.94871,9
83.89405,6
83.99886,2
83.94411,7
84.04879,2
83.99442,7
84.09846,,
84.04404,6
84.14818,

84.09389,2
84.19779,.
84.14423,0
84.24786,0
84.19433,7
84.29827,1
84.24416,4
84.34826,5
84.29378,,
84.3987,2
84.34358,

84.44832,1
84.44363,.
84.49836,9
84.49342,7
84.54826,2
84.54345,4
84.59817,7
84.59322,5
84.64819,,
84.64324,6
84.69817,

84.69315,2
84.74818,.
84.74364,0
84.79811,1
84.79395,5
84.84806,8
84.84384,1
84.89798,8
84.89362,,
84.94859,8
84.94368,

84.99844,1
84.99347,.
85.04826,9
85.04331,8
85.09805,1
85.0933,7
85.14851,3
85.14324,9
85.1985,,
85.19322,8
85.24816,

85.24331,2
85.29784,.
85.29296,0
85.34821,2
85.34343,6
85.39829,3
85.39323,3
85.44802,,
85.44334,2
85.49835,

85.4938,1
85.54861,.
85.54396,9
85.98864,9
85.59454,0
86.32862,6
85.64477,7
86.52187,6
85.69515,,
86.68542,,
85.74513,

86.77415,2
85.78459,.
86.82327,0
85.8252,3
86.86269,3
85.87003,1
86.90072,5
85.90736,,
86.95235,a
85.95323,

86.96326,2
85.98181,.
86.9746,0
86.00439,0
86.99167,1
86.0407,2
87.00302,4
86.07095,3
87.01262,,
86.10703,

87.02676,

86.14249,2
87.03969,.
86.15968,0
87.04901,4
86.17483,5
87.05922,5
86.18796,5
87.06844,,
86.20209,0
87.07965,

86.21669,2
87.09396,.
86.23041,0
87.10709,1
86.24707,0
87.12246,6
86.26001,7
87.13742,2
86.27496,,
87.15301,.
86.28873,

87.16859,2
86.30596,.
87.18498,0
86.31869,5
87.19582,4
86.33215,3
87.20869,7
86.34729,3
87.22435,,
86.35866,1
87.23639,

86.37165,2
87.24855,.
86.38629,0
87.25933,2
86.40104,1
87.27374,9
86.41228,1
87.28615,9
86.42542,,
87.29868,6
86.43906,

87.31122,2
86.45052,.
87.32298,0
86.45728,6
87.33262,6
86.50594,6
87.34422,4
86.61395,6
87.35328,,
86.72829,8
87.36671,

86.80974,2
87.38167,.
86.9073,0
87.39226,3
87.01877,0
87.40546,5
87.11784,8
87.4191,4
87.22147,,
87.43187,0
87.32581,

87.4469,2
87.44096,.
87.46015,0
87.45433,7
87.47303,8
87.46614,0
87.48708,3
87.47529,7
87.49635,,
87.48547,2
87.50871,

87.50031,2
87.5224,.
87.52386,0
87.53515,3
87.53616,9
87.54788,2
87.54533,3
87.56423,6
87.57767,,
87.57623,9
87.5844,

87.59038,2
87.5959,.
87.59875,0
87.60587,8
87.61906,4
87.63039,7
87.63298,9
87.64319,5
87.64874,,
87.68827,9
87.66433,

87.70671,2
87.67863,.
87.71396,0
87.69271,4
87.72649,6
87.70966,,
87.73573,,
87.72741,

87.74498,2
87.74401,.
87.7578,0
87.75544,9
87.7692,4
87.77034,3
87.7806,9
87.7853,5
87.78984,,
87.79927,1
87.79903,

87.811,2
87.80626,.
87.82778,0
87.81837,5
87.84223,7
87.82588,7
87.85574,4
87.84306,2
87.86974,,
87.85326,

87.88746,

87.866,2
87.90146,.
87.87806,1
87.92088,0
87.89351,3
87.93281,0
87.90507,5
87.94527,3
87.91951,,
87.9604,0
87.93085,

87.96764,2
87.9444,.
87.98144,0
87.95737,6
87.99512,6
87.96846,4
88.00754,0
87.97858,8
88.02204,,
87.99126,.
88.03594,

88.00291,2
88.05037,.
88.01693,1
88.06403,1
88.03062,2
88.07143,1
88.04611,1
88.0833,5
88.06086,,
88.09358,1
88.07339,

88.10531,2
88.09101,.
88.1178,0
88.10266,7
88.12952,8
88.11818,8
88.14407,6
88.13678,2
88.1574,,
88.15459,7
88.16665,

88.16971,2
88.17838,.
88.17837,1
88.19154,2
88.1944,4
88.2042,9
88.20689,9
88.21767,2
88.22713,,
88.2344,3
88.24318,

88.24532,2
88.26183,.
88.27174,0
88.27293,9
88.29893,0
88.29153,4
88.30878,6
88.30668,2
88.3248,,
88.32523,1
88.3374,

88.33566,2
88.34851,.
88.34744,1
88.35878,3
88.35928,5
88.37144,4
88.37524,0
88.38406,4
88.38387,,
88.39326,0
88.39417,

88.40249,2
88.40805,.
88.41622,0
88.42233,9
88.42547,9
88.43597,1
88.44313,4
88.44345,1
88.47003,,
88.46559,4
88.47917,

88.49368,2
88.49086,.
88.50438,1
88.49806,4
88.52136,4
88.51082,1
88.54584,0
88.51986,6
88.5603,,
88.54513,5
88.57565,

88.55253,2
88.58295,.
88.56508,1
88.5981,1
88.5786,1
88.61756,5
88.60497,2
88.63863,6
88.62348,,
88.65456,,
88.63789,

88.66834,2
88.65742,.
88.68394,1
88.67305,5
88.6978,3
88.69682,1
88.7103,1
88.71248,4
88.72423,,
88.7243,1
88.73762,

88.7377,2
88.74684,.
88.74802,1
88.75863,2
88.76073,0
88.77305,8
88.77591,9
88.78485,2
88.78828,,
88.80103,

88.80316,

88.81596,2
88.8167,.
88.83038,1
88.83879,5
88.84911,9
88.85664,9
88.86515,0
88.88581,2
88.88374,,
88.90806,0
88.90074,

88.93999,2
88.93898,.
88.97171,1
88.96037,2
89.00412,9
89.00436,5
89.0297,2
89.02813,1
89.05762,,
89.04421,.
89.07616,

89.06102,2
89.09219,.
89.07538,1
89.1053,6
89.09402,8
89.11737,5
89.10149,8
89.13168,9
89.1164,,
89.14224,1
89.12836,

89.15145,2
89.13627,.
89.16373,1
89.15168,3
89.17225,6
89.16562,2
89.18543,7
89.1748,3
89.19276,,
89.18639,8
89.21631,

89.20164,2
89.22552,.
89.2147,1
89.23698,7
89.22482,8
89.25096,9
89.23568,2
89.25824,,
89.24518,0
89.27181,

89.25444,2
89.28438,.
89.26689,1
89.29465,4
89.28331,2
89.30614,8
89.29758,6
89.32062,5
89.3111,,
89.33285,0
89.32417,

89.34538,2
89.33596,.
89.3575,1
89.34943,8
89.36675,7
89.36007,6
89.37838,1
89.3728,6
89.38758,,
89.38016,9
89.39681,

89.39361,2
89.40418,.
89.40086,1
89.41338,5
89.41264,1
89.42081,5
89.4236,2
89.43776,7
89.43099,,
89.44801,0
89.44276,

89.45724,2
89.45444,.
89.46835,1
89.46566,9
89.47572,7
89.47464,1
89.48731,9
89.48871,5
89.49469,,
89.49604,1
89.5019,

89.50882,2
89.51242,.
89.52217,1
89.52264,6
89.53764,0
89.53187,1
89.54793,8
89.53927,7
89.55991,,
89.55078,,
89.57384,

89.56482,2
89.58297,.
89.57578,2
89.5961,0
89.58644,9
89.61204,9
89.59814,2
89.6343,1
89.60949,,
89.65163,8
89.66422,

89.66679,2
89.68223,.
89.6785,1
89.69723,6
89.69324,9
89.72185,0
89.70933,0
89.74931,6
89.72523,,
89.7624,

89.73674,

89.77615,2
89.75235,.
89.78711,2
89.76842,1
89.80074,6
89.78682,8
89.81133,6
89.80626,9
89.82631,,
89.82488,0
89.83868,

89.83869,2
89.8477,.
89.85177,1
89.86462,7
89.8653,7
89.87344,6
89.87909,7
89.88944,,
89.88937,.
89.90204,

89.90569,2
89.91637,.
89.91689,2
89.93027,2
89.92829,7
89.94403,8
89.94274,3
89.95136,3
89.95547,,
89.96471,1
89.96429,

89.98671,2
89.9792,.
89.99588,1

